name,team,height,date_of_birth,birth_place,role,teams,bat_test,bat_odi,bat_t20,bow_test,bow_odi,bow_t20
Virat Kohli,India,5 ft 9 in (175 cm),"Nov 05, 1988 (34 years)",Delhi,Batsman,"India, Delhi, India Red, India U19, Royal Challengers Bangalore, Board Presidents XI, North Zone, Indians, India A, Asia XI",12,8,13,--,--,--
Rohit Sharma,India,--,"Apr 30, 1987 (35 years)","Nagpur, Maharashtra",Batsman,"India, Deccan Chargers, India A, India Green, India U19, Mumbai, Mumbai Indians, Indians, India Blue, Board Presidents XI",9,9,21,--,--,--
Shikhar Dhawan,India,--,"Dec 05, 1985 (36 years)",Delhi,Batsman,"Board Presidents XI, Mumbai Indians, India, Deccan Chargers, India Red, India A, Rest of India, North Zone, Mumbai A, Delhi, Sunrisers Hyderabad, Indians, Delhi Capitals, India B, Asia XI, Punjab Kings",--,15,--,--,--,--
Shubman Gill,India,--,"Sep 08, 1999 (23 years)","Firozpur, Punjab",Batsman,"Punjab, India U19, India U23, India A, Kolkata Knight Riders, India B, India, India C, India Blue, Gujarat Titans, Leicestershire, Glamorgan",64,34,--,--,--,--
Shreyas Iyer,India,--,"Dec 06, 1994 (27 years)",Mumbai,Batsman,"India, India U19, West Zone, Mumbai, Delhi Capitals, India A, Indian Board Presidents XI, India B, Mumbai Cricket Association XI, India Blue, India Green, Board Presidents XI, Rest of India, NaMo Bandra Blasters, Kolkata Knight Riders",37,27,55,--,--,--
Manish Pandey,India,--,"Sep 10, 1989 (33 years)","Nainital, Uttaranchal",Batsman,"Karnataka, Board Presidents XI, Royal Challengers Bangalore, Pune Warriors, India Blue, India A, South Zone, Kolkata Knight Riders, India, Mumbai Indians, Mysore Warriors, India AT20, India Red, India B, Belagavi Panthers, Sunrisers Hyderabad, Lucknow Super Giants, Gulbarga Mystics",--,--,--,--,--,--
Mayank Agarwal,India,--,"Feb 16, 1991 (31 years)","Bangalore, Karnataka",Batsman,"Davangere Diamonds, Royal Challengers Bangalore, Karnataka, Delhi Capitals, South Zone, India A, Belagavi Panthers, India AT20, India, India B, India Blue, Rising Pune Supergiant, India Red, Hubli Tigers, Indian Board Presidents XI, Punjab Kings, Rest of India, Board Presidents XI, India C, Indians, Bengaluru Blasters",24,--,--,--,--,--
Prithvi Shaw,India,--,"Nov 09, 1999 (23 years)","Thane, Maharashtra",Batsman,"India U19, Mumbai, India U23, India Red, India A, Indian Board Presidents XI, Delhi Capitals, Rest of India, India, Board Presidents XI, North Mumbai Panthers, West Zone",--,--,--,--,--,--
Cheteshwar Pujara,India,--,"Jan 25, 1988 (34 years)","Rajkot, Gujarat",Batsman,"Board Presidents XI, Kolkata Knight Riders, India, Royal Challengers Bangalore, India A, Rest of India, India B, West Zone, Mumbai A, Saurashtra, Indians, Punjab Kings, Derbyshire, Yorkshire, Indian Board Presidents XI, India Blue, Nottinghamshire, Zalawad Royals, Chennai Super Kings, Sussex, Leicestershire",27,--,--,--,--,--
Ajinkya Rahane,India,--,"Jun 06, 1988 (34 years)","Ashwi-KD, Maharashtra",Batsman,"Mumbai, Board Presidents XI, Rajasthan Royals, India, India A, Rest of India, West Zone, Indians, Mumbai Indians, Rising Pune Supergiant, India C, Hampshire, Delhi Capitals, Kolkata Knight Riders",39,--,--,--,--,--
Hardik Pandya,India,--,"Oct 11, 1993 (29 years)","Choryasi, Gujarat",Batting Allrounder,"India, Baroda, Mumbai Indians, India A, India AT20, Indian Board Presidents XI, World XI, Gujarat Titans, Indians",--,66,50,--,--,--
Hanuma Vihari,India,--,"Oct 13, 1993 (29 years)","Kakinada, Andhra Pradesh",Batting Allrounder,"India U19, Hyderabad, East Zone, South Zone, Sunrisers Hyderabad, India Blue, Andhra, India U23, India A, India B, Rest of India, Dindigul Dragons, India, Board Presidents XI, Delhi Capitals, Warwickshire, Indians, Leicestershire",57,--,--,--,--,--
Ravindra Jadeja,India,--,"Dec 06, 1988 (33 years)","Navagam-Khed, Saurashtra",Bowling Allrounder,"India, India U19, Rajasthan Royals, Saurashtra, Board Presidents XI, Kochi Tuskers Kerala, Chennai Super Kings, India B, Indians, India A, Gujarat Lions, India Blue, Rest of India",36,--,--,21,57,--
Ravichandran Ashwin,India,--,"Sep 17, 1986 (36 years)","Chennai, Tamil Nadu",Bowling Allrounder,"India, Board Presidents XI, Chennai Super Kings, Tamil Nadu, Indians, Rising Pune Supergiant, Dindigul Dragons, Worcestershire, Punjab Kings, India A, Rest of India, Nottinghamshire, Delhi Capitals, Yorkshire, Surrey, Rajasthan Royals",87,--,--,2,--,22
KL Rahul,India,--,"Apr 18, 1992 (30 years)","Mangaluru, Karnataka",WK-Batsman,"India, Karnataka, East Zone, South Zone, Royal Challengers Bangalore, India A, Sunrisers Hyderabad, Indians, Hubli Tigers, Indian Board Presidents XI, Bellary Tuskers, Punjab Kings, Asia XI, Lucknow Super Giants",45,40,19,--,--,--
Sanju Samson,India,--,"Nov 11, 1994 (28 years)","Pulluvila, Vizhinjam, Trivandrum",WK-Batsman,"India, Kolkata Knight Riders, India U19, Kerala, East Zone, South Zone, Rajasthan Royals, India A, Indians, India AT20, Delhi Capitals, Indian Board Presidents XI",--,83,--,--,--,--
Wriddhiman Saha,India,--,"Oct 24, 1984 (38 years)",Shaktigarh,WK-Batsman,"Board Presidents XI, Kolkata Knight Riders, India, Chennai Super Kings, India Red, India A, Rest of India, Bengal, East Zone, Indians, Punjab Kings, Mohun Bagan, Sunrisers Hyderabad, Gujarat Titans, Tripura",--,--,--,--,--,--
Rishabh Pant,India,--,"Oct 04, 1997 (25 years)","Haridwar, Uttarakhand",WK-Batsman,"Delhi, India U19, Delhi Capitals, India, India A, North Zone, India Blue, India Red, Indian Board Presidents XI, Asia XI, Indians, Leicestershire",5,73,82,--,--,--
Mohammed Shami,India,--,"Sep 03, 1990 (32 years)","Amroha, Uttar Pradesh",Bowler,"Kolkata Knight Riders, India A, Bengal, India, Rest of India, Board Presidents XI, East Zone, Indians, Delhi Capitals, Mohun Bagan, World XI, Punjab Kings, Asia XI, Gujarat Titans",--,--,--,17,42,87
Jasprit Bumrah,India,--,"Dec 06, 1993 (28 years)",Ahmedabad,Bowler,"India, Mumbai Indians, Gujarat, West Zone, India A, India Green, Indians, Leicestershire",--,--,--,4,14,79
Kuldeep Yadav,India,--,"Dec 14, 1994 (27 years)","Kanpur, Uttar Pradesh",Bowler,"India, India U19, Kolkata Knight Riders, Central Zone, India A, Uttar Pradesh, India AT20, Indian Board Presidents XI, India Red, Rest of India, Asia XI, Delhi Capitals",--,--,--,70,26,--
Yuzvendra Chahal,India,--,"Jul 23, 1990 (32 years)","Jind, Haryana",Bowler,"Mumbai Indians, Haryana, Royal Challengers Bangalore, North Zone, India A, India AT20, India, Rajasthan Royals, Indians",--,--,--,--,23,40
Navdeep Saini,India,--,"Nov 23, 1992 (30 years)","Karnal, Haryana",Bowler,"Delhi, India A, Delhi Capitals, India Green, Royal Challengers Bangalore, Rest of India, India, India B, India C, Rajasthan Royals, Leicestershire, Kent, North Zone",--,--,--,--,--,--
Shardul Thakur,India,--,"Oct 16, 1991 (31 years)","Palghar, Maharashtra",Bowler,"India, Tata Sports Club, Mumbai A, Mumbai, Punjab Kings, West Zone, Rest of India, India A, Indian Board Presidents XI, India B, Mumbai Cricket Association XI, India Blue, Rising Pune Supergiant, Chennai Super Kings, Eagle Thane Strikers, Board Presidents XI, Indians, Delhi Capitals",--,--,--,50,51,--
Umesh Yadav,India,--,"Oct 25, 1987 (35 years)","Nagpur, Maharashtra",Bowler,"Board Presidents XI, Delhi Capitals, India, Rest of India, India B, Vidarbha, India Red, Central Zone, Indians, Kolkata Knight Riders, India A, Royal Challengers Bangalore, Middlesex",--,--,--,39,--,--
Mohammed Siraj,India,--,"Mar 13, 1994 (28 years)",Hyderabad,Bowler,"Hyderabad, Rest of India, India A, Sunrisers Hyderabad, India Green, India, Royal Challengers Bangalore, India B, Indians, Warwickshire",--,--,--,49,38,92
William Porterfield,Ireland,--,"Sep 06, 1984 (38 years)",Londonderry,Batsman,"Ireland, Gloucestershire, Warwickshire, Ireland A, Team Rausa, Bhilwara Kings",--,--,--,--,--,--
James McCollum,Ireland,--,"Aug 01, 1995 (27 years)",--,Batsman,"Ireland A, Ireland, Team Rausa, Team Caulfield",--,--,--,--,--,--
Andrew Balbirnie,Ireland,--,"Dec 28, 1990 (31 years)","Dublin, Ireland",Batsman,"Ireland, Middlesex, Ireland A, Dublin Chiefs, Team Caulfield, Glamorgan",--,42,48,--,--,--
Tyrone Kane,Ireland,--,"Jul 08, 1994 (28 years)","Dublin, Ireland",Batting Allrounder,"Ireland, Ireland A, Dublin Chiefs, Team Rausa",--,--,--,--,--,--
Kevin O Brien,Ireland,--,"Mar 04, 1984 (38 years)","Dublin, Ireland",Batting Allrounder,"Ireland, Gloucestershire, Somerset, Rangpur Riders, Trinidad and Tobago, Surrey, Trinbago Knight Riders, Leicestershire, Northern Knights, Edmonton Royals, Ireland A, Kandahar Knights, Dublin Chiefs, Team Caulfield, World Giants, Gujarat Giants",--,--,--,--,--,--
Paul Stirling,Ireland,--,"Sep 03, 1990 (32 years)",Ireland,Batting Allrounder,"Ireland, Middlesex, Sylhet Royals, Kandahar Knights, Paarl Rocks, Kerala Knights, Khulna Titans, Belfast Titans, Delhi Bulls, Northamptonshire, Dambulla Viiking, Team Abu Dhabi, Islamabad United, Southern Brave, Warwickshire, Guyana Amazon Warriors, New York Strikers, Abu Dhabi Knight Riders",--,16,26,--,--,--
Stuart Thompson,Ireland,--,"Aug 15, 1991 (31 years)","Londonderry, Ireland",Bowling Allrounder,"Ireland, Ireland A, Belfast Titans, Team Caulfield, New York Strikers",--,--,--,--,--,--
Gary Wilson,Ireland,5 ft 10 in,"Feb 05, 1986 (36 years)","Dundonald, Northern Ireland",WK-Batsman,"Ireland, Surrey, Derbyshire, Belfast Titans, Team Rausa",--,--,--,--,--,--
Lorcan Tucker,Ireland,--,"Sep 10, 1996 (26 years)",Ireland,WK-Batsman,"Ireland U19, Ireland, Ireland A, Dublin Chiefs, Team Caulfield",--,--,69,--,--,--
Peter Chase,Ireland,--,"Oct 09, 1993 (29 years)","Dublin, Ireland",Bowler,"Ireland, West Indies Cricket Board President XI, South Africa, Ireland A, Team Rausa",--,--,--,--,--,--
George Dockrell,Ireland,--,"Jul 22, 1992 (30 years)",Dublin,Bowler,"Ireland, Somerset, Australians, Sussex, Marylebone Cricket Club, Ireland A, Dublin Chiefs, Team Caulfield",--,--,--,--,--,--
Tim Murtagh,Ireland,6 ft 2 in,"Aug 02, 1981 (41 years)","Lambeth, London",Bowler,"England, Middlesex, Ireland, Marylebone Cricket Club",--,--,--,--,--,--
Mark Adair,Ireland,--,"Mar 27, 1996 (26 years)","Holywood, Northern Ireland",Bowler,"Warwickshire, Ireland, Belfast Titans, Ireland A",--,--,--,--,--,65
Andy McBrine,Ireland,--,"Apr 30, 1993 (29 years)",Northern Ireland,Bowler,"Ireland, South Africa, Ireland A, Belfast Titans, Team Rausa",--,--,--,--,13,--
Barry McCarthy,Ireland,--,"Sep 13, 1992 (30 years)",--,Bowler,"Durham, Ireland, Sylhet Sixers, Ireland A, Team Caulfield",--,--,--,--,--,100
Boyd Rankin,Ireland,6 ft 7 in,"Jul 05, 1984 (38 years)",Londonderry,Bowler,"Ireland, Warwickshire, England, Essex, England Cricket Board XI, Belfast Titans, Derbyshire, Team Rausa",--,--,--,--,--,--
Aaron Finch,Australia,1.74 m,"Nov 17, 1986 (36 years)","Colac, Victoria",Batsman,"Victoria, Rajasthan Royals, Australia, Delhi Capitals, Melbourne Renegades, Ruhuna Royals, Pune Warriors, Trinidad and Tobago, Australia A, Cricket Australia Invitational XI, Sunrisers Hyderabad, Yorkshire, Marylebone Cricket Club, Mumbai Indians, Gujarat Lions, Surrey, Victoria XI, Punjab Kings, Royal Challengers Bangalore, Finch XI, Northern Superchargers, Kolkata Knight Riders",--,24,9,--,--,--
Steven Smith,Australia,--,"Jun 02, 1989 (33 years)","Sydney, New South Wales",Batsman,"Australia, Royal Challengers Bangalore, New South Wales, Worcestershire, Kochi Tuskers Kerala, Sydney Sixers, Pune Warriors, Antigua Hawksbills, Australians, Rajasthan Royals, Sydney Thunder, Rising Pune Supergiant, Toronto Nationals, Barbados Royals, Comilla Victorians, Multan Sultans, Cummins XI, Delhi Capitals",4,6,--,--,--,--
David Warner,Australia,1.70 m,"Oct 27, 1986 (36 years)","Paddington, New South Wales",Batsman,"Australia, Delhi Capitals, New South Wales, Middlesex, Cricket Australia Chairmans XI, Sydney Thunder, Sydney Sixers, Australians, Sunrisers Hyderabad, Winnipeg Hawks, Saint Lucia Kings, Sylhet Sixers, Australia A, Finch XI, Cummins XI, Southern Brave",17,5,39,--,--,--
Joe Burns,Australia,--,"Sep 06, 1989 (33 years)","Herston, Brisbane, Queensland",Batsman,"Cricket Australia Chairmans XI, Australia, Brisbane Heat, Queensland, Leicestershire, Hobart Hurricanes, Middlesex, Australia A, Prime Ministers XI, Glamorgan, Cricket Australia XI, Lancashire, Melbourne Stars",73,--,--,--,--,--
Will Pucovski,Australia,--,"Feb 02, 1998 (24 years)","Malvern, Victoria",Batsman,"Cricket Australia XI, Victoria, Prime Ministers XI, Australia, Australia A, Melbourne Stars",--,--,--,--,--,--
Glenn Maxwell,Australia,--,"Oct 14, 1988 (34 years)","Kew, Melbourne, Victoria",Batting Allrounder,"Australia, Victoria, Cricket Australia Chairmans XI, Melbourne Renegades, Delhi Capitals, Hampshire, Melbourne Stars, Mumbai Indians, Surrey, Australia A, Punjab Kings, Yorkshire, Lancashire, Cummins XI, Finch XI, Royal Challengers Bangalore, London Spirit",--,25,36,--,--,--
Marcus Stoinis,Australia,--,"Aug 16, 1989 (33 years)",Perth,Batting Allrounder,"Australia, Perth Scorchers, Victoria, Melbourne Stars, Australia A, Delhi Capitals, Punjab Kings, Western Australia, Kent, Royal Challengers Bangalore, Barbados Royals, Cummins XI, Southern Brave, Lucknow Super Giants",--,76,40,--,--,--
Moises Henriques,Australia,1.87 m,"Feb 01, 1987 (35 years)","Funchal, Portugal",Batting Allrounder,"Australia, Australia A, New South Wales, Delhi Capitals, Mumbai Indians, Sydney Sixers, Glamorgan, Royal Challengers Bangalore, Sunrisers Hyderabad, Sydney Thunder, Kolkata Knight Riders, Surrey, Prime Ministers XI, Montreal Tigers, Punjab Kings, Glasgow Giants, Toronto Nationals",--,--,--,--,--,--
Marnus Labuschagne,Australia,--,"Jun 22, 1994 (28 years)","Klerksdorp, North West Province, South Africa",Batting Allrounder,"Australia, Queensland, Brisbane Heat, Australia A, Cricket Australia XI, Glamorgan, Finch XI",2,68,--,--,--,--
Travis Head,Australia,--,"Dec 29, 1993 (28 years)","Adelaide, South Australia",Batting Allrounder,"Australia U19, South Australia, Australia, Adelaide Strikers, Australians, National Performance Squad, Delhi Capitals, Australia A, Royal Challengers Bangalore, Yorkshire, Worcestershire, Sussex",14,30,--,--,--,--
Michael Neser,Australia,--,"Mar 29, 1990 (32 years)","Pretoria, South Africa",Batting Allrounder,"Australia, Brisbane Heat, Queensland, Adelaide Strikers, Punjab Kings, Cricket Australia XI, Australia A, National Performance Squad, Glamorgan, Prime Ministers XI",--,--,--,--,--,--
Ashton Agar,Australia,--,"Oct 14, 1993 (29 years)","Melbourne, Victoria",Bowling Allrounder,"Australia U19, Western Australia, Perth Scorchers, Australia, Australians, National Performance Squad, Australia A, Middlesex, Warwickshire, Cummins XI, Prime Ministers XI",--,--,--,--,85,26
Cameron Green,Australia,--,"Jun 03, 1999 (23 years)",--,Bowling Allrounder,"Cricket Australia XI, Western Australia, Perth Scorchers, Australia, Australia A",40,--,--,74,--,--
Daniel Sams,Australia,--,"Oct 27, 1992 (30 years)","Milperra, New South Wales",Bowling Allrounder,"Australia, Canterbury, Sydney Sixers, New South Wales, Sydney Thunder, Vancouver Knights, Delhi Capitals, Finch XI, Royal Challengers Bangalore, Mumbai Indians, Essex, Trent Rockets",--,--,--,--,--,--
Sean Abbott,Australia,--,"Feb 29, 1992 (30 years)","Windsor, New South Wales",Bowling Allrounder,"Brisbane Heat, Australia, Sydney Thunder, New South Wales, Sydney Sixers, National Performance Squad, Royal Challengers Bangalore, Australia A, Prime Ministers XI, Montreal Tigers, Cummins XI, Surrey, Sunrisers Hyderabad, Manchester Originals",--,--,--,--,97,--
Alex Carey,Australia,--,"Aug 27, 1991 (31 years)","Loxton, South Australia",WK-Batsman,"Australia, South Australia, Adelaide Strikers, Prime Ministers XI, Australia A, Sussex, Delhi Capitals, Cummins XI, Finch XI",60,22,--,--,--,--
Matthew Wade,Australia,1.70 m,"Dec 26, 1987 (34 years)","Hobart, Tasmania",WK-Batsman,"Australia, Victoria, Delhi Capitals, Melbourne Stars, Australians, Melbourne Renegades, Australia A, Warwickshire, Tasmania, Hobart Hurricanes, Cummins XI, Finch XI, Saint Lucia Kings, Gujarat Titans, Birmingham Phoenix",71,--,66,--,--,--
Tim Paine,Australia,1.80 m,"Dec 08, 1984 (37 years)","Hobart, Tasmania",WK-Batsman,"Australia, Australia A, Tasmania, Pune Warriors, Hobart Hurricanes, Cricket Australia XI, World XI",56,--,--,--,--,--
Pat Cummins,Australia,1.92 m,"May 08, 1993 (29 years)","Westmead, Sydney",Bowler,"Australia, New South Wales, Sydney Sixers, Perth Scorchers, Australia A, Kolkata Knight Riders, Sydney Thunder, Delhi Capitals, Mumbai Indians, Cummins XI",--,--,--,1,17,46
Nathan Lyon,Australia,1.81 m,"Nov 20, 1987 (35 years)","Young, New South Wales",Bowler,"South Australia, Australia, Adelaide Strikers, Australians, New South Wales, Sydney Sixers, Australia A, Sydney Thunder, Worcestershire, Prime Ministers XI, Ponting XI, Finch XI",--,--,--,16,--,--
Mitchell Starc,Australia,1.96 m,"Jan 30, 1990 (32 years)","Baulkham Hills, Sydney, New South Wales",Bowler,"Australia, New South Wales, Sydney Sixers, Yorkshire, Australians, Royal Challengers Bangalore, Sydney Thunder, Kolkata Knight Riders, Australia A, Finch XI",100,--,--,10,3,44
Adam Zampa,Australia,--,"Mar 31, 1992 (30 years)","Shellharbour, New South Wales",Bowler,"Australia, New South Wales, Sydney Thunder, South Australia, Adelaide Strikers, Australia A, Melbourne Stars, Rising Pune Supergiant, Guyana Amazon Warriors, Essex, Jamaica Tallawahs, Cummins XI, Royal Challengers Bangalore, Birmingham Phoenix, Welsh Fire",--,--,--,--,6,7
Josh Hazlewood,Australia,1.96 m,"Jan 08, 1991 (31 years)","Tamworth, New South Wales",Bowler,"Australia, Australia U19, New South Wales, Sydney Sixers, Australia A, Mumbai Indians, Chennai Super Kings, Cummins XI, Finch XI, Royal Challengers Bangalore",--,--,--,12,2,4
Andrew Tye,Australia,--,"Dec 12, 1986 (35 years)","Perth, Western Australia",Bowler,"Australia, Western Australia Chairmans XI, Sydney Thunder, Western Australia, Perth Scorchers, Chennai Super Kings, Gujarat Lions, Gloucestershire, Punjab Kings, Cricket Australia XI, Australia A, Rajasthan Royals, World XI, Finch XI, Lucknow Super Giants, Durham, Western Australia XI, Team Abu Dhabi",--,--,--,--,--,--
James Pattinson,Australia,--,"May 03, 1990 (32 years)","Melbourne, Victoria",Bowler,"Australia, Victoria, Kolkata Knight Riders, Melbourne Stars, Rangpur Riders, Australians, Melbourne Renegades, Australia A, Prime Ministers XI, Nottinghamshire, Brisbane Heat, Mumbai Indians",--,--,--,--,--,--
Mitchell Swepson,Australia,--,"Oct 04, 1993 (29 years)",--,Bowler,"Cricket Australia XI, Queensland, Brisbane Heat, Australia A, National Performance Squad, Australia, Prime Ministers XI",--,--,--,97,--,--
Tamim Iqbal,Bangladesh,--,"Mar 20, 1989 (33 years)",Chittagong,Batsman,"Bangladesh, Asia XI, Nottinghamshire, Chittagong Kings, Pune Warriors, Wayamba United, Duronto Rajshahi, Saint Lucia Kings, Rest of the World XI, Chittagong Vikings, Peshawar Zalmi, Essex, World XI, Comilla Victorians, Nangarhar Leopards, Bangladesh Cricket Board XI, Dhaka Platoon, Lahore Qalandars, Fortune Barishal, Minister Group Dhaka",41,13,--,--,--,--
Soumya Sarkar,Bangladesh,--,"Feb 25, 1993 (29 years)",Satkhira,Batsman,"Bangladesh, Duronto Rajshahi, Dhaka Gladiators, Bangladesh A, Rangpur Riders, BCB Select XI, Bangladesh Cricket Board XI, Chittagong Vikings, Kandahar Knights, Rajshahi Kings, Bangladesh U23, Cumilla Warriors, Gazi Group Chattogram, Khulna Tigers",--,72,--,--,--,--
Sabbir Rahman,Bangladesh,--,"Nov 22, 1991 (31 years)",Rajsahi,Batsman,"Bangladesh, Duronto Rajshahi, Barisal Burners, Bangladesh A, Bangladesh Cricket Board XI, Barisal Bulls, Rajshahi Kings, Sylhet Sixers, Peshawar Zalmi, Cumilla Warriors, Beximco Dhaka, Chattogram Challengers",--,--,--,--,--,--
Mahmudullah,Bangladesh,--,"Feb 04, 1986 (36 years)",Mymensingh,Batting Allrounder,"Bangladesh, Chittagong Kings, Basnahira Cricket Dundee, Barisal Bulls, Khulna Titans, Quetta Gladiators, Jamaica Tallawahs, Bangladesh Cricket Board XI, St Kitts and Nevis Patriots, Chattogram Challengers, Asia XI, Gemcon Khulna, Minister Group Dhaka",61,35,65,98,--,--
Shakib Al Hasan,Bangladesh,--,"Mar 24, 1987 (35 years)","Magura, Jessore",Batting Allrounder,"Bangladesh, Worcestershire, Kolkata Knight Riders, Khulna Royal Bengals, Uthura Rudras, Dhaka Gladiators, Leicestershire, Barbados Royals, Adelaide Strikers, Melbourne Renegades, Rangpur Riders, Karachi Kings, Jamaica Tallawahs, Dhaka Dynamites, Peshawar Zalmi, Sunrisers Hyderabad, World XI, Brampton Wolves, Gemcon Khulna, Fortune Barishal, Guyana Amazon Warriors, Bangla Tigers",43,33,63,31,16,32
Mosaddek Hossain,Bangladesh,--,"Dec 10, 1995 (26 years)",Mymensingh,Batting Allrounder,"Bangladesh U19, Bangladesh, Bangladesh Cricket Board XI, Dhaka Dynamites, Bangladesh A, Chittagong Vikings, Bangladesh U23, Sylhet Thunder, Gazi Group Chattogram, Maratha Arabians, Sylhet Sunrisers",--,--,--,--,--,--
Mohammad Saifuddin,Bangladesh,--,"Nov 01, 1996 (26 years)","Feni, Chittagong",Bowling Allrounder,"Bangladesh U19, Comilla Victorians, Bangladesh, Bangladesh U23, Bangladesh Cricket Board XI, Bangladesh A, Minister Group Rajshahi",--,--,--,--,80,--
Mehidy Hasan Miraz,Bangladesh,--,"Oct 25, 1997 (25 years)",Khulna,Bowling Allrounder,"Bangladesh U19, Bangladesh Cricket Board XI, Bangladesh, Rajshahi Kings, Trinbago Knight Riders, Bangladesh A, Khulna Tigers, Fortune Barishal, Chattogram Challengers",--,--,--,32,7,--
Mushfiqur Rahim,Bangladesh,--,"Jun 09, 1987 (35 years)",Bogra,WK-Batsman,"Bangladesh, Duronto Rajshahi, Nagenahira Nagas, Sylhet Royals, Bangladesh Cricket Board XI, Sylhet Super Stars, Karachi Kings, BCB Select XI, Barisal Bulls, Rajshahi Kings, Nangarhar Leopards, Chittagong Vikings, Khulna Tigers, Asia XI, Beximco Dhaka",19,17,--,--,--,--
Litton Das,Bangladesh,--,"Oct 13, 1994 (28 years)",Dinajpur,WK-Batsman,"Bangladesh U19, Dhaka Gladiators, Bangladesh, Bangladesh A, Bangladesh Cricket Board XI, Comilla Victorians, Sylhet Sixers, Jamaica Tallawahs, Rajshahi Royals, Asia XI, Gazi Group Chattogram",13,29,32,--,--,--
Mohammad Mithun,Bangladesh,--,"Mar 02, 1991 (31 years)",--,WK-Batsman,"Barisal Burners, Khulna Royal Bengals, Bangladesh, Bangladesh A, Rangpur Riders, Bangladesh U23, Kandahar Knights, Bangladesh Cricket Board XI, Sylhet Thunder, Gazi Group Chattogram, Sylhet Sunrisers",--,--,--,--,--,--
Mashrafe Mortaza,Bangladesh,--,"Oct 05, 1983 (39 years)","Norail, Jessore",Bowler,"Bangladesh, Asia XI, Kolkata Knight Riders, Dhaka Gladiators, Bangladesh Cricket Board XI, Comilla Victorians, Rangpur Riders, Dhaka Platoon, Gemcon Khulna, Minister Group Dhaka, World Giants, India Capitals",--,--,--,--,--,--
Rubel Hossain,Bangladesh,--,"Jan 01, 1990 (32 years)","Bagerhat, Khulna",Bowler,"Bangladesh, Sylhet Royals, Chittagong Kings, Bangladesh A, Sylhet Super Stars, Bangladesh Cricket Board XI, Rangpur Riders, Dhaka Dynamites, Chattogram Challengers, Beximco Dhaka, Minister Group Dhaka",--,--,--,--,--,--
Mustafizur Rahman,Bangladesh,--,"Sep 06, 1995 (27 years)",Satkhira,Bowler,"Bangladesh, Bangladesh U19, Dhaka Dynamites, Lahore Qalandars, Sunrisers Hyderabad, Sussex, Rajshahi Kings, Mumbai Indians, Bangladesh A, Rangpur Rangers, Asia XI, Gazi Group Chattogram, Rajasthan Royals, Comilla Victorians, Delhi Capitals, Team Abu Dhabi",--,--,--,81,9,35
Abu Jayed,Bangladesh,--,"Aug 02, 1993 (29 years)",Sylhet,Bowler,"Bangladesh U19, Rangpur Riders, Bangladesh Cricket Board XI, Dhaka Dynamites, Bangladesh, Khulna Titans, Chittagong Vikings, Bangladesh A, Rajshahi Royals, Fortune Barishal",--,--,--,78,--,--
Darren Bravo,West Indies,--,"Feb 06, 1989 (33 years)",Trinidad,Batsman,"West Indies, Nottinghamshire, Trinidad and Tobago, Deccan Chargers, Trinbago Knight Riders, Kolkata Knight Riders, Comilla Victorians, Multan Sultans, Winnipeg Hawks, West Indies A, West Indies Cricket Board President XI, West Indians, The Chennai Braves, St Kitts and Nevis Patriots",--,--,--,--,--,--
Chris Gayle,West Indies,--,"Sep 21, 1979 (43 years)","Kingston, Jamaica",Batsman,"West Indies, ICC World XI, Kolkata Knight Riders, Stanford Superstars, Western Australia, Royal Challengers Bangalore, Sydney Thunder, Barisal Burners, Somerset, Uva Next, Dhaka Gladiators, Jamaica Tallawahs, Dolphins, Lions, Barisal Bulls, Melbourne Renegades, Lahore Qalandars, Chittagong Vikings, Karachi Kings, St Kitts and Nevis Patriots, Cape Town Knight Riders, Rangpur Riders, Punjab Kings, Vancouver Knights, UWI Vice Chancellors XI, Balkh Legends, Jozi Stars, Kerala Knights, Chattogram Challengers, World XI, Kandy Tuskers, Team Abu Dhabi, Quetta Gladiators, Colombo Stars, Fortune Barishal, Gujarat Giants",--,--,--,--,--,--
Evin Lewis,West Indies,--,"Dec 27, 1991 (30 years)","Port of Spain, Trinidad",Batsman,"West Indies, Trinidad and Tobago, Trinbago Knight Riders, St Kitts and Nevis Patriots, Barisal Bulls, West Indies Cricket Board President XI, West Indies A, Dhaka Dynamites, UWI Vice Chancellors XI, Mumbai Indians, Vancouver Knights, Comilla Victorians, Punjabi Legends, Pune Devils, Delhi Bulls, Rajasthan Royals, Lucknow Super Giants, Jaffna Kings, Bangla Tigers, Sharjah Warriors",--,79,67,--,--,--
Shimron Hetmyer,West Indies,--,"Dec 26, 1996 (25 years)","Cumberland, Berbice, Guyana",Batsman,"West Indies U19, Guyana Amazon Warriors, West Indies Cricket Board President XI, West Indies A, UWI Vice Chancellors XI, West Indies, Royal Challengers Bangalore, Delhi Capitals, West Indians, Multan Sultans, Quetta Gladiators, Rajasthan Royals, Morrisville Samp Army, Gulf Giants",--,58,98,--,--,--
Fabian Allen,West Indies,--,"May 07, 1995 (27 years)","Kingston, Jamaica",Batting Allrounder,"West Indies U19, Jamaica Tallawahs, St Kitts and Nevis Patriots, CWI B Team, West Indies, Sylhet Sixers, Kerala Knights, Pune Devils, Sunrisers Hyderabad, Multan Sultans, West Indies A, Northern Warriors, Punjab Kings, Peshawar Zalmi, Mumbai Indians, Kandy Warriors, Team Abu Dhabi, Kandy Falcons, Dubai Capitals",--,--,--,--,--,94
Jason Holder,West Indies,--,"Nov 05, 1991 (31 years)",Barbados,Bowling Allrounder,"West Indies, West Indies A, Chennai Super Kings, Barbados Royals, Sunrisers Hyderabad, Quetta Gladiators, Kolkata Knight Riders, Comilla Victorians, West Indies Cricket Board President XI, UWI Vice Chancellors XI, Northamptonshire, WI Holder XI, West Indians, Sydney Sixers, Lucknow Super Giants, Durban Super Giants",63,--,--,19,59,37
Andre Russell,West Indies,--,"Apr 29, 1988 (34 years)",Jamaica,Bowling Allrounder,"West Indies, Khulna Royal Bengals, Delhi Capitals, Sylhet Royals, Jamaica Tallawahs, Worcestershire, West Indies A, Kolkata Knight Riders, Knights, Melbourne Renegades, Comilla Victorians, Sydney Thunder, Islamabad United, Nottinghamshire, Dhaka Dynamites, Vancouver Knights, UWI Vice Chancellors XI, Nangarhar Leopards, Northern Warriors, Multan Sultans, Rajshahi Royals, Colombo Kings, Southern Brave, Quetta Gladiators, Deccan Gladiators, Melbourne Stars, Minister Group Dhaka, Manchester Originals, Trinbago Knight Riders, Abu Dhabi Knight Riders",--,--,--,--,--,--
Carlos Brathwaite,West Indies,--,"Jul 18, 1988 (34 years)",Barbados,Bowling Allrounder,"West Indies, Barbados Royals, Antigua Hawksbills, St Kitts and Nevis Patriots, Delhi Capitals, Barisal Bulls, Sydney Thunder, West Indies Cricket Board President XI, UWI Vice Chancellors XI, Khulna Titans, Sydney Sixers, Sunrisers Hyderabad, Kent, Rajputs, Kolkata Knight Riders, Lahore Qalandars, Peshawar Zalmi, Jamaica Tallawahs, Dambulla Viiking, Multan Sultans, Warwickshire, Manchester Originals, Warwickshire, Kandy Warriors, The Chennai Braves, Kandy Falcons",--,--,--,--,--,--
Shai Hope,West Indies,--,"Nov 10, 1993 (29 years)",Barbados,WK-Batsman,"West Indies, Barbados Royals, West Indies Cricket Board President XI, UWI Vice Chancellors XI, Rangpur Rangers, WI Brathwaite XI, Guyana Amazon Warriors",94,12,--,--,--,--
Nicholas Pooran,West Indies,--,"Oct 02, 1995 (27 years)",Trinidad,WK-Batsman,"Trinidad and Tobago, Trinbago Knight Riders, West Indies U19, St Kitts and Nevis Patriots, Barbados Royals, West Indies, Khulna Titans, Mumbai Indians, Islamabad United, City Kaitak, West Indies Cricket Board President XI, Joburg Giants, Multan Sultans, CWI B Team, Sylhet Sixers, Northern Warriors, Punjab Kings, Guyana Amazon Warriors, Yorkshire, World XI, Melbourne Stars, West Indies A, Manchester Originals, The Chennai Braves, Sunrisers Hyderabad, Deccan Gladiators, MI Emirates",--,28,18,--,--,--
Sheldon Cottrell,West Indies,--,"Aug 19, 1989 (33 years)",Jamaica,Bowler,"West Indies, Antigua Hawksbills, West Indies A, St Kitts and Nevis Patriots, West Indies Cricket Board President XI, Vancouver Knights, Rangpur Riders, Sylhet Thunder, Punjab Kings, World XI, Team Abu Dhabi, Dambulla Giants, Morrisville Samp Army, Desert Vipers",--,--,--,--,65,77
Shannon Gabriel,West Indies,--,"Apr 28, 1988 (34 years)",Trinidad,Bowler,"West Indies, Trinidad and Tobago, Barbados Royals, Trinbago Knight Riders, Saint Lucia Kings, Worcestershire, West Indies Cricket Board President XI, Gloucestershire, WI Holder XI, West Indians, Yorkshire",--,--,--,34,--,--
Kemar Roach,West Indies,--,"Jun 30, 1988 (34 years)","St. Lucy, Barbados",Bowler,"West Indies, Deccan Chargers, Worcestershire, Wayamba United, Brisbane Heat, Antigua Hawksbills, Saint Lucia Kings, West Indies Cricket Board President XI, West Indies A, Jamaica Tallawahs, WI Holder XI, West Indians, Surrey",--,--,--,8,--,--
Ashley Nurse,West Indies,--,"Dec 22, 1988 (33 years)","Gibbons, Christ Church, Barbados",Bowler,"West Indies, Barbados Royals, West Indies A, West Indies Cricket Board President XI, UWI Vice Chancellors XI, Trinbago Knight Riders, Montreal Tigers, India Capitals",--,--,--,--,--,--
Oshane Thomas,West Indies,--,"Feb 18, 1997 (25 years)",--,Bowler,"Jamaica Tallawahs, West Indies A, West Indies, Rangpur Riders, Rajputs, Rajasthan Royals, Desert Riders, West Indies Cricket Board President XI, WI Brathwaite XI, Barbados Royals, Rajasthan Royals, Northern Warriors, Comilla Victorians, Kandy Falcons",--,--,--,--,--,--
Craig Ervine,Zimbabwe,--,"Aug 19, 1985 (37 years)",Harare,Batsman,"Zimbabwe, Zimbabwe A, Zimbabwe XI",--,94,99,--,--,--
Hamilton Masakadza,Zimbabwe,--,"Aug 09, 1983 (39 years)",Harare,Batting Allrounder,"Zimbabwe, Sylhet Royals, Zimbabwe A, World Giants, India Capitals",--,--,--,--,--,--
Sikandar Raza,Zimbabwe,--,"Apr 24, 1986 (36 years)","Sialkot, Punjab, Pakistan",Batting Allrounder,"Zimbabwe, Zimbabwe A, Chittagong Vikings, Montreal Tigers, Paktia Panthers, Tshwane Spartans, Karachi Kings, Amsterdam Knights, Northern Warriors, Heat Stormers, Trinbago Knight Riders, Zimbabwe Select XI, Khulna Tigers, Zimbabwe XI, The Chennai Braves, Dambulla Giants, Dubai Capitals",51,32,70,69,76,78
Sean Williams,Zimbabwe,--,"Sep 26, 1986 (36 years)",Bulawayo,Batting Allrounder,"Zimbabwe, Zimbabwe A, Tshwane Spartans, Rangpur Riders",32,54,78,100,--,91
Solomon Mire,Zimbabwe,--,"Aug 21, 1989 (33 years)",Harare,Batting Allrounder,"Zimbabwe, Melbourne Renegades, Comilla Victorians, India Capitals",--,--,--,--,--,--
Brian Chari,Zimbabwe,--,"Feb 14, 1992 (30 years)",--,Batting Allrounder,"Zimbabwe, Zimbabwe A, Zimbabwe Chairmans XI",--,--,--,--,--,--
Timycen Maruma,Zimbabwe,--,"Apr 19, 1988 (34 years)",Harare,Batting Allrounder,"Zimbabwe, Zimbabwe A, Zimbabwe Select XI",--,--,--,--,--,--
Elton Chigumbura,Zimbabwe,--,"Mar 14, 1986 (36 years)","Kwekwe, Midlands",Bowling Allrounder,"Zimbabwe, Africa XI, Northamptonshire, Sylhet Royals, Barbados Royals, Chittagong Vikings, Quetta Gladiators, Zimbabwe A, Gujarat Giants",--,--,--,--,--,--
Regis Chakabva,Zimbabwe,--,"Sep 20, 1987 (35 years)",Harare,WK-Batsman,"Zimbabwe, Zimbabwe A, Zimbabwe XI",81,--,--,--,--,--
Brendan Taylor,Zimbabwe,--,"Feb 06, 1986 (36 years)",Harare,WK-Batsman,"Zimbabwe, Chittagong Kings, Uthura Rudras, Sunrisers Hyderabad, Nottinghamshire, Barisal Bulls, Leo Lions, Stellenbosch Kings, Khulna Titans, Maratha Arabians, Lahore Qalandars, World XI, Multan Sultans, Kandy Tuskers, World Giants",--,--,--,--,--,--
Peter Moor,Zimbabwe,--,"Feb 02, 1991 (31 years)",Harare,WK-Batsman,"Zimbabwe, Zimbabwe A, Marylebone Cricket Club",--,--,--,--,--,--
Tendai Chatara,Zimbabwe,--,"Feb 28, 1991 (31 years)",Chimaniamani,Bowler,"Zimbabwe, Zimbabwe A, Zimbabwe XI",--,--,--,--,83,66
Donald Tiripano,Zimbabwe,--,"Mar 17, 1988 (34 years)",Mutare,Bowler,"Zimbabwe, Zimbabwe A, Zimbabwe XI",--,--,--,83,--,--
Chris Mpofu,Zimbabwe,--,"Nov 27, 1985 (37 years)","Plumtree, Matabeleland",Bowler,"Zimbabwe, Zimbabwe A, Manipal Tigers",--,--,--,--,--,--
Kyle Jarvis,Zimbabwe,--,"Feb 16, 1989 (33 years)",Harare,Bowler,"Zimbabwe, Lancashire, Leo Lions",--,--,--,--,--,--
Brandon Mavuta,Zimbabwe,--,"Mar 04, 1997 (25 years)",Kadoma,Bowler,"Zimbabwe U19, Zimbabwe A, Zimbabwe, Durban Heat",--,--,--,--,--,--
Kila Pala,Papua New Guinea,--,"May 16, 1985 (37 years)","Port Moresby, Papua New Guinea",Batsman,Papua New Guinea,--,--,--,--,--,--
Charles Amini,Papua New Guinea,--,"Apr 14, 1992 (30 years)",Port Moresby,Batting Allrounder,Papua New Guinea,--,--,--,--,--,--
Mahuru Dai,Papua New Guinea,--,"May 30, 1984 (38 years)",Port Moresby,Batting Allrounder,Papua New Guinea,--,--,--,--,--,--
Vani Morea,Papua New Guinea,--,"Mar 13, 1983 (39 years)","Port Moresby, Papua New Guinea",Batting Allrounder,Papua New Guinea,--,--,--,--,--,--
Lega Siaka,Papua New Guinea,--,"Dec 21, 1992 (29 years)",Port Moresby,Batting Allrounder,"Papua New Guinea U19, Papua New Guinea, Melbourne Renegades",--,--,--,--,--,--
Assad Vala,Papua New Guinea,--,"Aug 05, 1987 (35 years)",Papua New Guinea,Batting Allrounder,"Papua New Guinea, Galaxy Gladiators Lantau",--,43,--,--,81,--
Assad Vala,Papua New Guinea,--,"Aug 05, 1987 (35 years)",Papua New Guinea,Batting Allrounder,"Papua New Guinea, Galaxy Gladiators Lantau",--,43,--,--,81,--
Chris Amini,Papua New Guinea,--,"Jun 12, 1984 (38 years)",Port Moresby,Bowling Allrounder,Papua New Guinea,--,--,--,--,--,--
Sese Bau,Papua New Guinea,--,"Jun 23, 1992 (30 years)",--,Bowling Allrounder,"Papua New Guinea U19, Papua New Guinea",--,--,90,--,--,--
Willie Gavera,Papua New Guinea,--,"Aug 18, 1988 (34 years)",Papua New Guinea,Bowling Allrounder,Papua New Guinea,--,--,--,--,--,--
Pipi Raho,Papua New Guinea,--,"Mar 04, 1988 (34 years)",Port Morseby,Bowling Allrounder,Papua New Guinea,--,--,--,--,--,--
John Reva,Papua New Guinea,--,"Sep 23, 1990 (32 years)",Port Moresby,Bowling Allrounder,Papua New Guinea,--,--,--,--,--,--
Norman Vanua,Papua New Guinea,--,"Dec 02, 1993 (29 years)",--,Bowling Allrounder,"Papua New Guinea U19, Papua New Guinea",--,--,100,--,--,--
Dogodo Bau,Papua New Guinea,--,"Dec 05, 1994 (27 years)",--,WK-Batsman,"Papua New Guinea U19, Papua New Guinea",--,--,--,--,--,--
Geraint Jones,Papua New Guinea,5 ft 10 in,"Jul 14, 1976 (46 years)","Kundiawa, Papua New Guinea",WK-Batsman,"England, Kent, Gloucestershire, Papua New Guinea, Capricorn Commanders",--,--,--,--,--,--
Tony Ura,Papua New Guinea,--,"Oct 15, 1989 (33 years)",Papua New Guinea,WK-Batsman,Papua New Guinea,--,--,41,--,--,--
Jack Vare,Papua New Guinea,--,"Feb 14, 1986 (36 years)",Papua New Guinea,WK-Batsman,Papua New Guinea,--,--,--,--,--,--
Hiri Hiri,Papua New Guinea,--,"May 01, 1995 (27 years)",--,Bowler,"Papua New Guinea U19, Papua New Guinea",--,--,--,--,--,--
Nosaina Pokana,Papua New Guinea,--,"Apr 12, 1996 (26 years)",--,Bowler,"Papua New Guinea U19, Papua New Guinea",--,--,--,--,--,--
Chad Soper,Papua New Guinea,--,"Nov 19, 1991 (31 years)",Port Moresby,Bowler,"Papua New Guinea U19, Papua New Guinea",--,--,--,--,55,--
Jatinder Singh,Oman,--,"Mar 05, 1989 (33 years)",--,Batsman,Oman,--,64,73,--,--,--
Vaibhav Wategaonkar,Oman,--,"Aug 30, 1982 (40 years)","Mumbai, India",Batsman,Oman,--,--,--,--,--,--
Zeeshan Siddiqui,Oman,--,"Jul 22, 1979 (43 years)","Karachi, Sind, Pakistan",Batsman,Oman,--,--,--,--,--,--
Zeeshan Maqsood,Oman,--,"Oct 24, 1987 (35 years)",--,Batting Allrounder,Oman,--,62,75,--,49,--
Amir Ali,Oman,--,"Nov 24, 1978 (44 years)","Karachi, Sind",Batting Allrounder,Oman,--,--,--,--,--,--
Khawar Ali,Oman,--,"Dec 20, 1985 (36 years)",Pakistan,Batting Allrounder,Oman,--,--,--,--,96,96
Mehran Khan,Oman,--,"Apr 13, 1987 (35 years)",--,Bowling Allrounder,"Oman, Pearl Gladiators",--,--,--,--,--,--
Twinkal Bhandari,Oman,--,"Oct 16, 1987 (35 years)","Vapi, Gujarat",WK-Batsman,Oman,--,--,--,--,--,--
Ajay Lalcheta,Oman,--,"Oct 22, 1983 (39 years)","Gujarat, India",Bowler,"Oman, Desert Riders",--,--,--,--,--,--
Sufyan Mehmood,Oman,--,"Oct 21, 1991 (31 years)",--,Bowler,"Oman, Swift Gallopers",--,--,--,--,--,--
Rajeshkumar Ranpura,Oman,--,"Jul 17, 1983 (39 years)","Palanpur, Gujarat, India",Bowler,Oman,--,--,--,--,--,--
Munis Ansari,Oman,--,"Apr 01, 1984 (38 years)","Sehore, Madhya Pradesh, India",Bowler,"Oman, Pune Devils",--,--,--,--,--,--
Mohammad Nadeem,Oman,--,"Sep 04, 1982 (40 years)","Sialkot, Pakistan",Bowler,"Oman, Desert Riders",--,--,--,--,--,--
Swapnil Khadye,Oman,--,--,--,--,Oman,--,--,--,--,--,--
Trevin Bastiampillai,Canada,--,"Oct 26, 1985 (37 years)",Sri Lanka,Batsman,Canada,--,--,--,--,--,--
Tyson Gordon,Canada,--,"Jan 31, 1982 (40 years)",--,Batsman,Canada,--,--,--,--,--,--
Ruvindu Gunasekera,Canada,--,"Jul 20, 1991 (31 years)",Colombo,Batsman,"Canada, Dambulla, Vancouver Knights, Montreal Tigers",--,--,--,--,--,--
Jimmy Hansra,Canada,--,"Dec 29, 1984 (37 years)","Ludhiana, India",Batsman,Canada,--,--,--,--,--,--
Junaid Siddique,Canada,--,"Oct 30, 1987 (35 years)",Rajshahi,Batsman,"Bangladesh, Duronto Rajshahi, Rangpur Riders, Bangladesh A, Sylhet Super Stars, Rajshahi Kings, Khulna Titans, Chattogram Challengers",--,--,--,--,--,97
Nitish Kumar,Canada,--,"May 21, 1994 (28 years)","Scarborough, Ontario",Batsman,"Canada, Canada U19, Saint Lucia Kings, Toronto Nationals, Brampton Wolves",--,--,--,--,--,--
Hiral Patel,Canada,--,"Aug 10, 1991 (31 years)","Ahmedabad, Gujarat, India",Batsman,"Canada, Winnipeg Hawks",--,--,--,--,--,--
Rizwan Cheema,Canada,--,"Aug 15, 1978 (44 years)",Pakistan,Batsman,"Canada, Duronto Rajshahi, Capricorn Commanders, Winnipeg Hawks, Vancouver Knights",--,--,--,--,--,--
Durand Soraine,Canada,--,"Sep 11, 1983 (39 years)",India,Batsman,Canada,--,--,--,--,--,--
Zubin Surkari,Canada,--,"Feb 26, 1980 (42 years)","Toronto, Ontario",Batsman,Canada,--,--,--,--,--,--
Usman Limbada,Canada,--,"Oct 02, 1989 (33 years)",canada,Batsman,Canada,--,--,--,--,--,--
Harvir Baidwan,Canada,--,"Jul 31, 1987 (35 years)","Chandigarh, India",Batting Allrounder,Canada,--,--,--,--,--,--
Damodar Daesrat,Canada,--,"Jul 04, 1981 (41 years)","Cumberland, Berbice, Guyana",Batting Allrounder,Canada,--,--,--,--,--,--
Raza-ur-Rehman,Canada,--,"Nov 05, 1985 (37 years)",Bulawayo,Batting Allrounder,Canada,--,--,--,--,--,--
Ashish Bagai,Canada,--,"Jan 26, 1982 (40 years)","Delhi, India",WK-Batsman,"Canada, Gemini Arabians, Kandahar Knights",--,--,--,--,--,--
R A Bhatti,Canada,--,"Feb 18, 1990 (32 years)",Lahore,WK-Batsman,Canada,--,--,--,--,--,--
Hamza Tariq,Canada,--,"Jul 21, 1990 (32 years)",--,WK-Batsman,"Canada, Trinbago Knight Riders, Winnipeg Hawks",--,--,--,--,--,--
Darren Ramsammy,Canada,--,"Jun 23, 1992 (30 years)","Scarborough, Ontario",WK-Batsman,Canada,--,--,--,--,--,--
Manny Aulakh,Canada,--,"Nov 17, 1991 (31 years)",--,Bowler,Canada,--,--,--,--,--,--
Abzal Dean,Canada,--,"Feb 23, 1983 (39 years)","San Fernando, Trinidad",Bowler,Canada,--,--,--,--,--,--
Parth Desai,Canada,--,"Dec 11, 1990 (31 years)",--,Bowler,Canada,--,--,--,--,--,--
Nikhil Dutta,Canada,--,"Oct 13, 1994 (28 years)","Kuwait City, Kuwait",Bowler,"Canada, Canada U19, St Kitts and Nevis Patriots, Barisal Bulls, Toronto Nationals, Montreal Tigers",--,--,--,--,--,--
Jeremy Gordon,Canada,--,"Jan 20, 1987 (35 years)","Stanley Town, New Amsterdam, Guyana",Bowler,"Canada, Vancouver Knights, Toronto Nationals",--,--,--,--,--,--
Kenneth Kamyuka,Canada,--,"Dec 05, 1981 (40 years)","Jinga, Uganda",Bowler,Canada,--,--,--,--,--,--
Khurram Chohan,Canada,--,"Feb 22, 1980 (42 years)","Lahore, Punjab",Bowler,"Canada, Pakistan U19",--,--,--,--,--,--
Henry Osinde,Canada,--,"Oct 17, 1978 (44 years)",Uganda,Bowler,Canada,--,--,--,--,--,--
Rayyan Pathan,Canada,--,"Dec 06, 1991 (30 years)","Toronto, Ontario",Bowler,"Canada, Montreal Tigers, Vancouver Knights",--,--,74,--,--,--
John Davison,Canada,--,"May 09, 1970 (52 years)","Campbell River, Vancouver Island, British Columbia",--,"Canada, Victoria",--,--,--,--,--,--
Zahid Hussain,Canada,--,"Dec 18, 1974 (47 years)",--,--,Canada,--,--,--,--,--,--
Babar Hayat,Hong Kong,--,"Jan 05, 1992 (30 years)","Attock, Pakistan",Batsman,"Hong Kong, Kowloon Cantons, Vancouver Knights, Brampton Wolves, Falcon Hunters",--,--,--,--,--,--
Waqas Khan,Hong Kong,--,"Mar 10, 1999 (23 years)",--,Batsman,"Hong Kong, Lantau Galaxy Riders, Kowloon Cantons",--,--,--,--,--,--
Kinchit Shah,Hong Kong,--,"Dec 09, 1995 (26 years)",Mumbai,Batting Allrounder,"Hong Kong, Hung Hom JD Jaguars",--,--,--,--,--,--
Aizaz Khan,Hong Kong,--,"Mar 21, 1993 (29 years)",Hong Kong,Bowling Allrounder,"Hong Kong, United Arab Emirates, City Kaitak",--,--,--,--,--,--
Nizakat Khan,Hong Kong,--,"Jul 08, 1992 (30 years)","Attock, Punjab, Pakistan",Bowling Allrounder,"Hong Kong, Hung Hom JD Jaguars, Toronto Nationals, Montreal Tigers",--,--,--,--,--,--
Tanwir Afzal,Hong Kong,--,"Jun 12, 1988 (34 years)","Gujrat, Punjab",Bowling Allrounder,"Hong Kong, Island Warriors, HKI United, Hong Kong Island United",--,--,--,--,--,--
Anshuman Rath,Hong Kong,--,"Nov 05, 1997 (25 years)",Hong Kong,WK-Batsman,"Hong Kong, Galaxy Gladiators Lantau, City Kaitak, Edmonton Royals, Odisha",--,--,--,--,--,--
Jamie Atkinson,Hong Kong,--,"Aug 23, 1990 (32 years)",Hong Kong,WK-Batsman,"Warwickshire, Hong Kong, Hung Hom JD Jaguars, Island Warriors, HKI United, City Kaitak",--,--,--,--,--,--
Christopher Carter,Hong Kong,--,"Sep 09, 1997 (25 years)",Hong Kong,WK-Batsman,"Hong Kong, Hung Hom JD Jaguars, Hong Kong Island United",--,--,--,--,--,--
Shahid Wasif,Hong Kong,--,"May 15, 1997 (25 years)",Pakistan,WK-Batsman,"Kowloon Cantons, Hong Kong, Galaxy Gladiators Lantau",--,--,--,--,--,--
Ehsan Khan,Hong Kong,--,"Dec 27, 1984 (37 years)",--,Bowler,"Island Warriors, Hong Kong, HKI United, Hong Kong Island United",--,--,--,--,--,--
Nadeem Ahmed,Hong Kong,--,"Sep 28, 1987 (35 years)",Bahawalpur,Bowler,"Hong Kong, Island Warriors, City Kaitak, Hung Hom JD Jaguars",--,--,--,--,--,--
Tanveer Ahmed,Hong Kong,--,"Sep 18, 1997 (25 years)",Pakistan,Bowler,"Hong Kong, Kowloon Cantons, Hung Hom JD Jaguars",--,--,--,--,--,--
Aijaz Ali,United States,--,"Jun 20, 1968 (54 years)","Karachi, Pakistan",--,United States,--,--,--,--,--,--
Rohan Alexander,United States,--,"Feb 20, 1973 (49 years)",Jamaica. W.I.,--,United States,--,--,--,--,--,--
Donovan Blake,United States,--,"Dec 04, 1961 (61 years)","Jamaica, W.I.",--,United States,--,--,--,--,--,--
Jignesh Desai,United States,--,"Apr 18, 1974 (48 years)",USA,--,United States,--,--,--,--,--,--
Howard Johnson,United States,--,"Aug 16, 1964 (58 years)","Jamaica, W.I.",--,United States,--,--,--,--,--,--
Mark Johnson,United States,--,"Oct 28, 1963 (59 years)",Jamaica,--,United States,--,--,--,--,--,--
Clayton Lambert,United States,--,"Feb 10, 1962 (60 years)","Islington, West Bank, Berbice, British Guiana",--,"West Indies, United States",--,--,--,--,--,--
Steve Massiah,United States,--,"Jun 21, 1979 (43 years)","Georgetown, Guyana",--,United States,--,--,--,--,--,--
Nasir Javed,United States,--,"Jun 21, 1966 (56 years)","Lahore, Punjab",--,United States,--,--,--,--,--,--
Rashid,United States,--,"Apr 06, 1974 (48 years)","Gujranwala, Pakistan",--,United States,--,--,--,--,--,--
Tony Reid,United States,--,"Apr 09, 1962 (60 years)","Barbados, West Indies",--,United States,--,--,--,--,--,--
Leon Romero,United States,--,"Dec 29, 1974 (47 years)","New York, U.S.A.",--,United States,--,--,--,--,--,--
Richard Staple,United States,--,"Nov 25, 1969 (53 years)","Kingston, Jamaica",--,United States,--,--,--,--,--,--
Tom Cooper,Netherlands,1.87 m,"Nov 26, 1986 (36 years)","Wollongong, New South Wales",Batsman,"Netherlands, South Australia, Cricket Australia Chairmans XI, Adelaide Strikers, Chittagong Kings, Melbourne Renegades, Australia A, Somerset, St Kitts and Nevis Patriots, Brisbane Heat",--,74,--,--,--,--
Tom de Grooth,Netherlands,--,"May 14, 1979 (43 years)",The Hague,Batsman,Netherlands,--,--,--,--,--,--
Wilfred Diepeveen,Netherlands,--,"Jun 18, 1985 (37 years)",--,Batsman,Netherlands,--,--,--,--,--,--
Tim Gruijters,Netherlands,--,"Aug 28, 1991 (31 years)",The Hague,Batsman,Netherlands,--,--,--,--,--,--
Alexei Kervezee,Netherlands,--,"Sep 11, 1989 (33 years)","Walvis Bay, Republic of South Africa",Batsman,"Netherlands, Worcestershire, Dhaka Gladiators",--,--,--,--,--,--
Neil Kruger,Netherlands,--,"Aug 15, 1981 (41 years)",--,Batsman,Netherlands,--,--,--,--,--,--
Stephan Myburgh,Netherlands,--,"Feb 28, 1984 (38 years)","Pretoria, Transvaal",Batsman,"Netherlands, Pretoria Mavericks, Rotterdam Rhinos",--,--,--,--,--,--
Sikander Zulfiqar,Netherlands,--,"Mar 28, 1997 (25 years)",--,Batsman,"Netherlands, Amsterdam Knights",--,--,--,--,--,--
Michael Swart,Netherlands,--,"Oct 01, 1982 (40 years)","Subiaco, Perth, Western Australia",Batsman,"Netherlands, Island Warriors",--,--,--,--,--,--
Peter Borren,Netherlands,--,"Aug 21, 1983 (39 years)","Christchurch, Canterbury",Batting Allrounder,"Netherlands, New Zealand U19",--,--,--,--,--,--
Max ODowd,Netherlands,--,"Mar 04, 1994 (28 years)",Auckland,Batting Allrounder,"Netherlands, Rotterdam Rhinos",--,93,42,--,--,--
Vinoo Tewarie,Netherlands,--,"Sep 15, 1991 (31 years)",--,Batting Allrounder,Netherlands,--,--,--,--,--,--
Daan van Bunge,Netherlands,--,"Oct 19, 1982 (40 years)","Leidschendam, Voorburg",Batting Allrounder,Netherlands,--,--,--,--,--,--
Ben Cooper,Netherlands,--,"Feb 10, 1992 (30 years)","Lismore, New South Wales",Bowling Allrounder,"Australia, Netherlands, Amsterdam Knights",--,--,81,--,--,--
Tom Heggelman,Netherlands,--,"Jan 16, 1987 (35 years)",--,Bowling Allrounder,Netherlands,--,--,--,--,--,--
Michael Rippon,Netherlands,--,"Sep 14, 1991 (31 years)","Cape Town, Cape Province",Bowling Allrounder,"Cape Cobras, Sussex, Netherlands, Otago, Vancouver Knights, New Zealand A, New Zealand",--,--,--,--,--,--
Pieter Seelaar,Netherlands,--,"Jul 02, 1987 (35 years)",Schiedam,Bowling Allrounder,"Netherlands, Rotterdam Rhinos",--,--,--,--,--,--
Timm van der Gugten,Netherlands,1.87 m,"Feb 25, 1991 (31 years)","Hornsby, Upper North Shore, Sydney",Bowling Allrounder,"Australia, New South Wales, Netherlands, Tasmania, Hobart Hurricanes, Northern Knights, Glamorgan, Trent Rockets, Birmingham Phoenix",--,--,--,--,--,--
Roelof van der Merwe,Netherlands,--,"Dec 31, 1984 (37 years)","Johannesburg, Transvaal",Bowling Allrounder,"South Africa, Royal Challengers Bangalore, South Africa U19, Titans, Delhi Capitals, Somerset, Brisbane Heat, South Africa A, Saint Lucia Kings, Netherlands, Joburg Giants, Hung Hom JD Jaguars, Maratha Arabians, Amsterdam Knights, Tshwane Spartans, London Spirit, Northern Superchargers, Sunrisers Eastern Cape",--,--,--,--,--,--
Rahil Ahmed,Netherlands,1.71 m,"Jan 03, 1994 (28 years)",Amsterdam,WK-Batsman,Netherlands,--,--,--,--,--,--
Wesley Barresi,Netherlands,--,"May 03, 1984 (38 years)",Johannesburg,WK-Batsman,"Netherlands, Amsterdam Knights",--,--,--,--,--,--
Tobias Visee,Netherlands,--,"Jan 21, 1991 (31 years)",The Hague,WK-Batsman,"Netherlands, Vancouver Knights, Amsterdam Knights, Delhi Bulls",--,--,--,--,--,--
Ahsan Malik,Netherlands,--,"Aug 29, 1989 (33 years)",Rotterdam,Bowler,Netherlands,--,--,--,--,--,--
Mudassar Bukhari,Netherlands,--,"Dec 26, 1983 (38 years)","Gujrat, Punjab, Pakistan",Bowler,Netherlands,--,--,--,--,--,--
Vivian Kingma,Netherlands,--,"Oct 23, 1994 (28 years)","The Hague, Netherlands",Bowler,"Netherlands, Rotterdam Rhinos",--,--,--,--,--,--
Logan van Beek,Netherlands,--,"Sep 07, 1990 (32 years)","Christchurch, Canterbury",Bowler,"Netherlands, Canterbury, Wellington, New Zealand A, New Zealand XI, Derbyshire",--,--,--,--,--,--
Paul van Meekeren,Netherlands,--,"Jan 15, 1993 (29 years)","Amsterdam, Netherlands",Bowler,"Netherlands, Somerset, Kowloon Cantons, Winnipeg Hawks, Amsterdam Knights, Durham, St Kitts and Nevis Patriots, Gloucestershire, Dambulla Giants",--,--,--,--,--,67
Thijs van Schelven,Netherlands,--,"Apr 03, 1989 (33 years)",The Hague,Bowler,Netherlands,--,--,--,--,--,--
Edgar Schiferli,Netherlands,--,"May 17, 1976 (46 years)",--,--,Netherlands,--,--,--,--,--,--
Eric Gouka,Netherlands,--,"Jan 29, 1970 (52 years)",Schiedam,--,Netherlands,--,--,--,--,--,--
Asghar Afghan,Afghanistan,--,"Dec 22, 1987 (34 years)","Kabul, Afghanistan",Batsman,"Afghanistan, Kandahar Knights, Asia Lions, World Giants, India Capitals",--,--,--,--,--,--
Hashmatullah Shahidi,Afghanistan,--,"Nov 04, 1994 (28 years)",Logar,Batsman,"Afghanistan, Afghanistan U19, Nangarhar Leopards",89,49,--,--,--,--
Hazratullah Zazai,Afghanistan,--,"Mar 23, 1998 (24 years)",Paktia,Batsman,"Afghanistan, Kabul Zwanan, Dhaka Dynamites, Maratha Arabians, Rajshahi Royals, Galle Gladiators, Peshawar Zalmi, Bangla Tigers, Dubai Capitals",--,--,27,--,--,--
Najibullah Zadran,Afghanistan,--,"Feb 28, 1993 (29 years)",Logar,Batsman,"Afghanistan, Afghanistan A, Chittagong Vikings, Montreal Tigers, Kandahar Knights, Maratha Arabians, Afghanistan U23, Winnipeg Hawks, Saint Lucia Kings, Khulna Tigers, Team Abu Dhabi, Karachi Kings, Deccan Gladiators, Dambulla Giants, Minister Group Dhaka, Barbados Royals, Delhi Bulls, Kandy Falcons, MI Emirates",--,45,37,--,--,--
Noor Ali Zadran,Afghanistan,--,"Jul 10, 1988 (34 years)","Khost, Afghanistan",Batsman,Afghanistan,--,--,--,--,--,--
Rahmat Shah,Afghanistan,--,"Jul 06, 1993 (29 years)",Paktia,Batting Allrounder,"Afghanistan, Afghanistan A, Nangarhar Leopards",95,23,--,--,--,--
Samiullah Shinwari,Afghanistan,--,"Feb 03, 1987 (35 years)","Nangrahar, Afghanistan",Batting Allrounder,"Afghanistan, Khulna Royal Bengals, Rangpur Riders, Paktia Panthers, Sindhis, Peshawar Zalmi, Afghanistan U23, Dambulla Viiking, The Chennai Braves",--,--,--,--,--,--
Gulbadin Naib,Afghanistan,--,"Mar 16, 1991 (31 years)","Logar, Afghanistan",Bowling Allrounder,"Afghanistan, Balkh Legends, Sylhet Sixers, Pakhtoons, Delhi Bulls",--,--,--,--,95,--
Mohammad Nabi,Afghanistan,--,"Jan 01, 1985 (37 years)","Loger, Afghanistan",Bowling Allrounder,"Afghanistan, Sylhet Royals, Rangpur Riders, Quetta Gladiators, Chittagong Vikings, Sunrisers Hyderabad, St Kitts and Nevis Patriots, Comilla Victorians, Melbourne Renegades, Leicestershire, Balkh Legends, Bengal Tigers, Kent, Delhi Bulls, Rangpur Rangers, Saint Lucia Kings, Karachi Kings, London Spirit, Northamptonshire, Kolkata Knight Riders, Jamaica Tallawahs, Sharjah Warriors",--,65,56,--,12,52
Rashid Khan,Afghanistan,--,"Sep 20, 1998 (24 years)",Nangarhar,Bowling Allrounder,"Afghanistan, Afghanistan U19, Comilla Victorians, Sunrisers Hyderabad, Guyana Amazon Warriors, Adelaide Strikers, Quetta Gladiators, World XI, Sussex, Kabul Zwanan, Durban Heat, Maratha Arabians, Rotterdam Rhinos, Asia XI, Barbados Royals, Lahore Qalandars, Trent Rockets, Gujarat Titans, St Kitts and Nevis Patriots, MI Cape Town, New York Strikers",--,100,--,38,10,2
Mohammad Shahzad,Afghanistan,5ft 3in,"Jan 10, 1987 (35 years)","Nangarhar, Afghanistan",WK-Batsman,"Afghanistan, International World XI, Rangpur Riders, Paktia Panthers, Chittagong Vikings, Rajputs, Deccan Gladiators, Heat Stormers, Rangpur Rangers, The Chennai Braves, Minister Group Dhaka",--,--,--,--,--,--
Aftab Alam,Afghanistan,--,"Nov 30, 1992 (30 years)","Nangarhar, Afghanistan",Bowler,"Afghanistan, Balkh Legends, Flying Oryx, Dambulla Viiking",--,--,--,--,--,--
Dawlat Zadran,Afghanistan,--,"Mar 19, 1988 (34 years)","Khost, Afghanistan",Bowler,Afghanistan,--,--,--,--,--,--
Hamid Hassan,Afghanistan,--,"Jun 01, 1987 (35 years)","Nengrakar, Afghanistan",Bowler,"Afghanistan, Barisal Burners, Essex, Deccan Gladiators",--,--,--,--,--,--
Mujeeb Ur Rahman,Afghanistan,--,"Mar 28, 2001 (21 years)",Khost,Bowler,"Afghanistan U19, Comilla Victorians, Afghanistan, Punjab Kings, Hampshire, Nangarhar Leopards, Bengal Tigers, Brisbane Heat, Middlesex, Qalandars, Cumilla Warriors, Asia XI, Jamaica Tallawahs, Peshawar Zalmi, Bangla Tigers, Sunrisers Hyderabad, Northern Superchargers, Fortune Barishal, Barbados Royals, Deccan Gladiators, Melbourne Renegades, Deccan Gladiators, Dubai Capitals",--,--,--,--,8,8
Fakhar Zaman,Pakistan,--,"Apr 10, 1990 (32 years)","Mardan, North-West Frontier Province",Batsman,"Pakistan A, Lahore Qalandars, Pakistan, Somerset, Durban Qalandars, Comilla Victorians, Rotterdam Rhinos, Glamorgan, Team Green, Team White, Brisbane Heat",--,11,84,--,--,--
Imam-ul-Haq,Pakistan,--,"Dec 12, 1995 (26 years)","Lahore, Punjab",Batsman,"Pakistan U19, Pakistan U23, Pakistan, Peshawar Zalmi, Team White, Pakistan A, Somerset",50,2,--,--,--,--
Babar Azam,Pakistan,--,"Oct 15, 1994 (28 years)","Lahore, Punjab",Batsman,"Pakistan U19, Sylhet Royals, Pakistan, Pakistan A, Islamabad United, Rangpur Riders, Karachi Kings, Guyana Amazon Warriors, Sylhet Sixers, Somerset, Dublin Chiefs, Team White, Team Green",3,1,4,--,--,--
Asif Ali,Pakistan,--,"Oct 01, 1991 (31 years)","Faisalabad, Punjab",Batsman,"Pakistan, Islamabad United, Pakistan A, Cape Town Blitz, Edmonton Royals, Barbados Royals, Vancouver Knights, Dhaka Platoon, Jamaica Tallawahs, Jaffna Stallions, Qalandars, St Kitts and Nevis Patriots, Worcestershire, Colombo Stars, Hobart Hurricanes",--,--,--,--,--,--
Haris Sohail,Pakistan,--,"Jan 09, 1989 (33 years)","Sialkot, Punjab",Batting Allrounder,"Pakistan, Sialkot Stallions, Khulna Royal Bengals, Peshawar Zalmi, Pakistan U23, Lahore Qalandars, Pakistan A, Colombo Stars",97,41,--,93,--,--
Mohammad Hafeez,Pakistan,--,"Oct 17, 1980 (42 years)","Sargodha, Punjab",Batting Allrounder,"Pakistan, Kolkata Knight Riders, Khulna Royal Bengals, Wayamba United, Guyana Amazon Warriors, Melbourne Renegades, Melbourne Stars, Lahore Lions, Dhaka Dynamites, Peshawar Zalmi, Pakistan Cricket Board Patrons XI, Hung Hom JD Jaguars, St Kitts and Nevis Patriots, Durban Qalandars, Montreal Tigers, Nangarhar Leopards, Rajshahi Kings, Lahore Qalandars, Edmonton Royals, St Kitts and Nevis Patriots, Middlesex, Desert Riders, Team Green, Maratha Arabians, Delhi Bulls, Galle Gladiators, Asia Lions",--,--,--,--,--,--
Shoaib Malik,Pakistan,--,"Feb 01, 1982 (40 years)","Sialkot, Punjab",Batting Allrounder,"Pakistan, Asia XI, Delhi Capitals, Sialkot Stallions, Lancashire, Chittagong Kings, Uva Next, Pakistan All Star XI, Khulna Royal Bengals, Barbados Royals, Hobart Hurricanes, Warwickshire, Comilla Victorians, Karachi Kings, Chittagong Vikings, Multan Sultans, World XI, Guyana Amazon Warriors, Vancouver Knights, Jozi Stars, Delhi Bulls, Rajshahi Royals, Peshawar Zalmi, Jaffna Stallions, Maratha Arabians, Jaffna Kings, Asia Lions",--,--,--,--,--,--
Shadab Khan,Pakistan,--,"Oct 04, 1998 (24 years)",Mianwali,Bowling Allrounder,"Pakistan U19, Pakistan A, Islamabad United, Pakistan, Trinbago Knight Riders, Khulna Titans, Brisbane Heat, Guyana Amazon Warriors, Edmonton Royals, Dhaka Platoon, Team White, Team Green, Manchester Originals, Sydney Sixers, Yorkshire",--,--,--,--,29,18
Imad Wasim,Pakistan,--,"Dec 18, 1988 (33 years)","Swansea, Glamorgan, Wales",Bowling Allrounder,"Pakistan, Barisal Bulls, Karachi Kings, Jamaica Tallawahs, Comilla Victorians, Durham, Stellenbosch Kings, Winnipeg Hawks, Barbados Royals, Nottinghamshire, Chattogram Challengers, Team Green, Melbourne Renegades, Galle Gladiators, Delhi Bulls",--,69,--,--,64,--
Sarfaraz Ahmed,Pakistan,--,"May 22, 1987 (35 years)","Karachi, Sind",WK-Batsman,"Pakistan, Pakistan U19, Pakistan All Star XI, Quetta Gladiators, Yorkshire, Khulna Titans, Team Green, Team White, Galle Gladiators",--,77,--,--,--,--
Wahab Riaz,Pakistan,--,"Jun 28, 1985 (37 years)","Lahore, Punjab",Bowler,"Pakistan, Kent, Ruhuna Royals, Pakistan All Star XI, Chittagong Kings, Lahore Lions, Surrey, Rangpur Riders, Peshawar Zalmi, Essex, Barbados Royals, Benoni Zalmi, Kowloon Cantons, Derbyshire, Pakistan A, Kandahar Knights, Northern Warriors, Comilla Victorians, Brampton Wolves, Cape Town Blitz, Dhaka Platoon, Team Green, Kandy Tuskers, Trent Rockets, Saint Lucia Kings, Deccan Gladiators, Jaffna Kings, Northern Superchargers, New York Strikers",--,--,--,--,86,--
Shaheen Afridi,Pakistan,--,"Apr 06, 2000 (22 years)",Khyber Agency,Bowler,"Pakistan, Pakistan U19, Dhaka Dynamites, Lahore Qalandars, Pakistan A, Rotterdam Rhinos, Team White, Team Green, Hampshire, Birmingham Phoenix, Middlesex",--,--,--,3,4,17
Hasan Ali,Pakistan,--,"Jul 02, 1994 (28 years)","Mandi Bahauddin, Punjab",Bowler,"Peshawar Zalmi, Pakistan A, Pakistan, St Kitts and Nevis Patriots, Comilla Victorians, Amsterdam Knights, Islamabad United, Qalandars, Lancashire",--,--,--,18,70,--
Mohammad Hasnain,Pakistan,--,"Apr 05, 2000 (22 years)","Hyderabad, Pakistan",Bowler,"Pakistan U19, Quetta Gladiators, Pakistan, Trinbago Knight Riders, Pakistan U23, Pakistan A, Sydney Thunder, Worcestershire, Oval Invincibles, Deccan Gladiators, Galle Gladiators",--,--,--,--,--,--
Mohammad Amir,Pakistan,--,"Apr 13, 1992 (30 years)","Gujjar Khan, Punjab",Bowler,"Pakistan, Pakistan U19, Chittagong Vikings, Karachi Kings, Essex, Dhaka Dynamites, Dublin Chiefs, Team Abu Dhabi, Khulna Tigers, Galle Gladiators, Pune Devils, London Spirit, Barbados Royals, Bangla Tigers, Gloucestershire, Jamaica Tallawahs",--,--,--,--,--,--
Lahiru Thirimanne,Sri Lanka,--,"Aug 09, 1989 (33 years)",Moratuwa,Batsman,"Sri Lanka, Sri Lanka Board Presidents XI, Ruhuna Royals, Kandurata Maroons, Comilla Victorians, Dhaka Dynamites, Sri Lanka A, Colombo, Kandy, Sri Lanka XI, Galle",82,--,--,--,--,--
Dimuth Karunaratne,Sri Lanka,6 ft 0 in,"Apr 21, 1988 (34 years)",Colombo,Batsman,"Sri Lanka, Basnahira Cricket Dundee, Basnahira Greens, Sri Lanka A, Dambulla, Sri Lanka Board Presidents XI, Galle, Sri Lanka XI, Kandy, Yorkshire",8,--,--,--,--,--
Avishka Fernando,Sri Lanka,--,"Apr 05, 1998 (24 years)",Wadduwa,Batsman,"Sri Lanka U19, Sri Lanka, Sri Lanka A, Sri Lanka Board Presidents XI, Sri Lanka U23, Kandy, Colombo, Sri Lanka XI, Team Abu Dhabi, Chattogram Challengers, Jaffna Stallions, Jaffna Kings",--,52,--,--,--,--
Angelo Mathews,Sri Lanka,--,"Jun 02, 1987 (35 years)",Colombo,Batting Allrounder,"Sri Lanka, Kolkata Knight Riders, Sri Lanka A, Pune Warriors, Nagenahira Nagas, Basnahira Greens, Delhi Capitals, Kandy, Sri Lanka Board Presidents XI, Dambulla, Delhi Bulls, Colombo Kings, Colombo Stars",23,63,--,--,--,--
Dhananjaya de Silva,Sri Lanka,5 ft 8 in,"Sep 06, 1991 (31 years)",Colombo,Batting Allrounder,"Sri Lanka, Sri Lanka U19, Ruhuna Royals, Kandurata Maroons, Sri Lanka Board Presidents XI, Sri Lanka A, Colombo, Galle, Jaffna Stallions, Colombo Stars, Jaffna Kings",42,71,91,86,61,--
Milinda Siriwardana,Sri Lanka,5 ft 11 in,"Dec 04, 1985 (37 years)",Nagoda,Batting Allrounder,"Sri Lanka, Chilaw Marians Cricket Club, Ruhunu, Wayamba United, Kandurata Maroons, Sri Lanka Board Presidents XI, Sri Lanka XI, Sri Lanka A, Rajshahi Kings, Sri Lanka A, Dambulla, Galle, Sri Lanka Cricket XI, Galle Gladiators, Kandy Warriors",--,--,--,--,--,--
Thisara Perera,Sri Lanka,6 ft 1 in,"Apr 03, 1989 (33 years)",Colombo,Bowling Allrounder,"Sri Lanka, Chennai Super Kings, Wayamba Elevens, Kochi Tuskers Kerala, Mumbai Indians, Kandurata Warriors, Brisbane Heat, Sunrisers Hyderabad, Uthura Yellows, Punjab Kings, Antigua Hawksbills, Guyana Amazon Warriors, Rangpur Riders, Rising Pune Supergiant, St Kitts and Nevis Patriots, Sri Lanka A, Comilla Victorians, Barisal Bulls, Melbourne Renegades, Quetta Gladiators, Sri Lanka Board Presidents XI, Gloucestershire, World XI, Multan Sultans, Colombo, Montreal Tigers, Dambulla, Paktia Panthers, Sindhis, Kandy, Saint Lucia Kings, Bangla Tigers, Dhaka Platoon, Asia XI, Jaffna Stallions, Pune Devils, Karachi Kings, Barbados Royals, Jaffna Kings, Khulna Tigers, Sri Lanka Legends, World Giants, Gujarat Giants",--,--,--,--,--,--
Isuru Udana,Sri Lanka,--,"Feb 17, 1988 (34 years)",Balangoda,Bowling Allrounder,"Sri Lanka, Sri Lanka A, Wayamba Elevens, Tamil Union Cricket and Athletic Club, Wayamba United, Duronto Rajshahi, Basnahira Greens, Rangpur Riders, Kandy, Montreal Tigers, Sri Lanka Board Presidents XI, Dambulla, Paktia Panthers, Sri Lanka XI, Rajshahi Kings, Sindhis, St Kitts and Nevis Patriots, Paarl Rocks, Royal Challengers Bangalore, Colombo Kings, Bangla Tigers, Trinbago Knight Riders, Galle Gladiators, Minister Group Dhaka, Kandy Warriors, Sri Lanka Legends, Northern Warriors, Kandy Falcons, Dubai Capitals",--,--,--,--,--,--
Jeevan Mendis,Sri Lanka,--,"Jan 15, 1983 (39 years)",--,Bowling Allrounder,"Sri Lanka, Tamil Union Cricket and Athletic Club, Basnahira Cricket Dundee, Sydney Sixers, Delhi Capitals, Uthura Yellows, Barbados Royals, Guyana Amazon Warriors, Chittagong Vikings, Sylhet Super Stars, Barisal Bulls, Derbyshire, Stellenbosch Kings, Kandy, Colombo, Tshwane Spartans, Dambulla, Sylhet Thunder, Sri Lanka Legends, Gujarat Giants",--,--,--,--,--,--
Kusal Perera,Sri Lanka,--,"Aug 17, 1990 (32 years)",Kalubowila,WK-Batsman,"Sri Lanka, Wayamba United, Sri Lanka A, Ruhuna Reds, Rajasthan Royals, Southern Express, Sri Lanka Board Presidents XI, Rangpur Riders, Kandy, Delhi Bulls, Cumilla Warriors, Kandy Tuskers, Colombo Stars, Galle Gladiators",77,59,--,--,--,--
Kusal Mendis,Sri Lanka,--,"Feb 02, 1995 (27 years)",Moratuwa,WK-Batsman,"Sri Lanka, Sri Lanka U19, Dambulla, Galle, Sri Lanka XI, Kandy Tuskers, Galle Gladiators, Pretoria Capitals",54,47,46,--,--,--
Suranga Lakmal,Sri Lanka,--,"Mar 10, 1987 (35 years)",--,Bowler,"Sri Lanka, Tamil Union Cricket and Athletic Club, Wayamba United, Basnahira Greens, Galle, Colombo, Jaffna Stallions, Jaffna Kings, Derbyshire, Colombo Stars",--,--,--,--,--,--
Lasith Malinga,Sri Lanka,--,"Aug 28, 1983 (39 years)",Galle,Bowler,"Sri Lanka, Mumbai Indians, Nondescripts Cricket Club, Middlesex, Ruhuna Royals, Melbourne Stars, Ruhuna Reds, Guyana Amazon Warriors, Jamaica Tallawahs, Saint Lucia Kings, Stellenbosch Kings, Rangpur Riders, Dambulla, Montreal Tigers, Kandy, Khulna Titans, Galle, Maratha Arabians, Asia XI, Galle Gladiators",--,--,--,--,--,--
Jeffrey Vandersay,Sri Lanka,5 ft 7 in,"Feb 05, 1990 (32 years)",Wattala,Bowler,"Sri Lanka, Sri Lanka Board Presidents XI, Sri Lanka A, Dambulla, Galle, Sri Lanka XI, Sri Lanka U23, Kandy, Colombo Kings, Colombo Stars",--,--,--,--,87,--
Nuwan Pradeep,Sri Lanka,--,"Oct 19, 1986 (36 years)",Negombo,Bowler,"Sri Lanka, Sri Lanka Board Presidents XI, Royal Challengers Bangalore, Basnahira Cricket Dundee, Sri Lanka A, Ruhuna Reds, Colombo, Kandy, Northern Warriors, Kandy Tuskers, Dambulla Giants, The Chennai Braves, Galle Gladiators",--,--,--,--,82,--
Eoin Morgan,England,5 ft 9 in,"Sep 10, 1986 (36 years)",Dublin,Batsman,"England, Ireland, England Lions, Middlesex, Royal Challengers Bangalore, Kolkata Knight Riders, England Cricket Board XI, Sydney Thunder, Sunrisers Hyderabad, Peshawar Zalmi, Punjab Kings, Durban Qalandars, Barbados Royals, Karachi Kings, World XI, Tshwane Spartans, Kerala Knights, Dublin Chiefs, Delhi Bulls, Team Morgan, London Spirit, World Giants, Paarl Royals, New York Strikers",--,--,--,--,--,--
Joe Root,England,--,"Dec 30, 1990 (31 years)","Sheffield, Yorkshire",Batsman,"Yorkshire, England, England Cricket Board XI, Sydney Thunder, Team Buttler, Team Root, Trent Rockets",1,14,--,88,--,--
Jason Roy,England,--,"Jul 21, 1990 (32 years)","Durban, South Africa",Batsman,"England, Surrey, Chittagong Kings, Sydney Thunder, Sydney Sixers, Lahore Qalandars, Gujarat Lions, Benoni Zalmi, Delhi Capitals, Quetta Gladiators, England Lions, Nelson Mandela Bay Giants, Bengal Tigers, Sylhet Sixers, Perth Scorchers, Team Buttler, Oval Invincibles, Sunrisers Hyderabad, Delhi Bulls, Gujarat Titans, Deccan Gladiators, Paarl Royals",--,19,49,--,--,--
Liam Livingstone,England,--,"Aug 04, 1993 (29 years)","Barrow-in-Furness, Cumberland",Batsman,"Lancashire, England Lions, North, England, Rajasthan Royals, Karachi Kings, Cape Town Blitz, Perth Scorchers, Peshawar Zalmi, Team Moeen, Team Morgan, Birmingham Phoenix, Team Abu Dhabi, Punjab Kings, Melbourne Renegades, MI Cape Town",--,--,88,--,--,--
Dawid Malan,England,6 ft 0 in,"Sep 03, 1987 (35 years)","Roehampton, England",Batsman,"England, Middlesex, Dhaka Dynamites, England Lions, Peshawar Zalmi, Barisal Bulls, South, Nelson Mandela Bay Stars, Khulna Titans, Cape Town Blitz, Sindhis, Qalandars, Cumilla Warriors, Islamabad United, Yorkshire, Jaffna Stallions, Hobart Hurricanes, Team Buttler, Pune Devils, Punjab Kings, Trent Rockets, Sussex, The Chennai Braves, Sharjah Warriors",--,98,6,--,--,--
Moeen Ali,England,--,"Jun 18, 1987 (35 years)",Birmingham,Batting Allrounder,"England, Worcestershire, Duronto Rajshahi, England Lions, Royal Challengers Bangalore, Team Abu Dhabi, Cape Town Blitz, Multan Sultans, Team Stokes, Team Moeen, Team Morgan, Chennai Super Kings, Birmingham Phoenix, Northern Warriors, Comilla Victorians, Morrisville Samp Army, Sharjah Warriors",--,--,45,--,78,--
Ben Stokes,England,--,"Jun 04, 1991 (31 years)","Canterbury, New Zealand",Batting Allrounder,"New Zealand, Durham, England, England Lions, England Cricket Board XI, Melbourne Renegades, Rising Pune Supergiant, Canterbury, Rajasthan Royals, Team Stokes, Team Morgan, Northern Superchargers",21,--,--,35,--,--
Chris Woakes,England,--,"Mar 02, 1989 (33 years)","Birmingham, Warwickshire",Bowling Allrounder,"England, Warwickshire, Sydney Thunder, Kolkata Knight Riders, Royal Challengers Bangalore, England Lions, Delhi Capitals, Team Buttler, Team Morgan, Birmingham Phoenix, Sharjah Warriors",86,--,--,40,11,28
Tom Curran,England,--,"Mar 12, 1995 (27 years)","Cape Town, Cape Province",Bowling Allrounder,"Surrey, England Lions, England, South, Cape Town Knight Riders, Hobart Hurricanes, Kolkata Knight Riders, Kerala Knights, Sydney Sixers, Tshwane Spartans, Rajasthan Royals, Team Moeen, Team Morgan, Delhi Capitals, Oval Invincibles, Desert Vipers",--,--,--,--,--,--
Lewis Gregory,England,--,"May 24, 1992 (30 years)",Plymouth,Bowling Allrounder,"England U19, Somerset, South, MCC World XI, England Lions, England, Team Abu Dhabi, Rangpur Rangers, Peshawar Zalmi, Team Stokes, Team Morgan, Team Vince, Brisbane Heat, Team Buttler, Islamabad United, Trent Rockets, Karachi Kings, Joburg Super Kings, Bangla Tigers",--,--,--,--,--,--
Sam Curran,England,--,"Jun 03, 1998 (24 years)",Northampton,Bowling Allrounder,"Surrey, England U19, England Lions, Auckland, South, England, World XI, Punjab Kings, Chennai Super Kings, Team Buttler, Oval Invincibles, MI Cape Town",--,--,--,71,--,5
Jonny Bairstow,England,--,"Sep 26, 1989 (33 years)","Bradford, Yorkshire",WK-Batsman,"England, Yorkshire, England Cricket Board XI, Peshawar Zalmi, Kerala Knights, Sunrisers Hyderabad, World XI, Team Stokes, Team Moeen, Melbourne Stars, Team Morgan, Welsh Fire, Punjab Kings, Abu Dhabi Knight Riders",10,7,64,--,--,--
Jos Buttler,England,--,"Sep 08, 1990 (32 years)","Taunton, Somerset",WK-Batsman,"Somerset, England, Khulna Royal Bengals, England Lions, Melbourne Renegades, Lancashire, Mumbai Cricket Association XI, Mumbai Indians, Comilla Victorians, Sydney Thunder, Rajasthan Royals, Team Buttler, Manchester Originals, Paarl Royals",65,31,12,--,--,--
Sam Billings,England,--,"Jun 15, 1991 (31 years)","Pembury, Kent",WK-Batsman,"Kent, England, England Lions, Islamabad United, Delhi Capitals, Sydney Sixers, Durban Qalandars, Chennai Super Kings, World XI, Kandahar Knights, Bengal Tigers, Northern Warriors, Team Morgan, Team Vince, Sydney Thunder, Team Buttler, Pune Devils, Oval Invincibles, Kolkata Knight Riders, Brisbane Heat, Desert Vipers",--,--,--,--,--,--
Adil Rashid,England,5 ft 8 in,"Feb 17, 1988 (34 years)","Bradford, Yorkshire",Bowler,"England, England Lions, Yorkshire, South Australia, Adelaide Strikers, Mumbai Cricket Association XI, Cape Town Knight Riders, Dhaka Dynamites, World XI, Delhi Bulls, Team Morgan, Team Vince, Team Buttler, Northern Superchargers, Punjab Kings, Pretoria Capitals, Team Abu Dhabi",--,--,--,--,43,3
Mark Wood,England,--,"Jan 11, 1990 (32 years)","Ashington, Northumberland",Bowler,"England, Durham, Nottinghamshire, England Lions, North, Chennai Super Kings, Team Buttler, Team Morgan, Team Root, London Spirit, Lucknow Super Giants",--,--,--,41,35,27
Jofra Archer,England,--,"Apr 01, 1995 (27 years)","Bridgetown, Barbados",Bowler,"Sussex, Khulna Titans, Hobart Hurricanes, Rajasthan Royals, Galaxy Gladiators Lantau, Quetta Gladiators, Sindhis, England, Team Buttler, Southern Brave, Mumbai Indians, MI Cape Town",--,--,--,66,--,--
Olly Stone,England,--,"Oct 09, 1993 (29 years)","Norwich, Norfolk",Bowler,"Northamptonshire, Warwickshire, England, Team Stokes, Team Buttler, Northern Superchargers, Birmingham Phoenix, MI Cape Town, The Chennai Braves",--,--,--,85,--,--
Reece Topley,England,6 ft 7 in,"Feb 21, 1994 (28 years)","Ipswich, Suffolk",Bowler,"England, Essex, England Lions, Hampshire, Sussex, Team Moeen, Team Vince, Surrey, Team Morgan, Islamabad United, Oval Invincibles, Melbourne Renegades, Durban Super Giants, Northern Warriors",--,--,--,--,73,23
Chris Jordan,England,6 ft 2 in,"Oct 04, 1988 (34 years)",Barbados,Bowler,"England, Surrey, Sussex, Sylhet Super Stars, Peshawar Zalmi, Royal Challengers Bangalore, Adelaide Strikers, Sunrisers Hyderabad, City Kaitak, Bloem City Blazers, Chittagong Vikings, Northern Knights, England Lions, Paktia Panthers, Punjabi Legends, Sydney Thunder, Trinbago Knight Riders, Qalandars, Perth Scorchers, Punjab Kings, Karachi Kings, Team Buttler, Islamabad United, Southern Brave, Northern Warriors, Sydney Sixers, Chennai Super Kings, Gulf Giants",--,--,--,--,--,39
Faf du Plessis,South Africa,5 feet 11 inches,"Jul 13, 1984 (38 years)",Pretoria,Batsman,"South Africa, Chennai Super Kings, Melbourne Renegades, Titans, Rising Pune Supergiant, St Kitts and Nevis Patriots, World XI, Stellenbosch Kings, Paarl Rocks, Edmonton Royals, Belfast Titans, Kent, Colombo Kings, Peshawar Zalmi, Quetta Gladiators, Northern Superchargers, Saint Lucia Kings, Bangla Tigers, Jaffna Kings, Comilla Victorians, Royal Challengers Bangalore, Joburg Super Kings, Perth Scorchers",--,--,--,--,--,--
David Miller,South Africa,--,"Jun 10, 1989 (33 years)","Pietermaritzburg, Natal",Batsman,"South Africa, Punjab Kings, Durham, Yorkshire, Uthura Rudras, Chittagong Kings, Dolphins, South Africa A, Saint Lucia Kings, Knights, Glamorgan, World XI, Bloem City Blazers, Winnipeg Hawks, Jamaica Tallawahs, Durban Heat, Hobart Hurricanes, Rajasthan Royals, Dambulla Viiking, Peshawar Zalmi, Gujarat Titans, Welsh Fire, Barbados Royals, Paarl Royals, Morrisville Samp Army",--,21,31,--,--,--
Aiden Markram,South Africa,--,"Oct 04, 1994 (28 years)",Centurion,Batsman,"South Africa, South Africa U19, South African Invitation XI, Titans, South Africa A, Nelson Mandela Bay Stars, Durham, Paarl Rocks, Hampshire, Punjab Kings, Sunrisers Hyderabad, Sunrisers Eastern Cape",52,56,5,--,--,--
Rassie van der Dussen,South Africa,--,"Feb 07, 1989 (33 years)","Pretoria, Transvaal",Batsman,"Lions, Cape Town Knight Riders, Vancouver Knights, South Africa A, St Kitts and Nevis Patriots, South Africa, Jozi Stars, Islamabad United, Rajasthan Royals, MI Cape Town",46,3,23,--,--,--
Jean-Paul Duminy,South Africa,--,"Apr 14, 1984 (38 years)","Strandfontein, Cape Town, Cape Province",Batting Allrounder,"South Africa, Cape Cobras, Mumbai Indians, South Africa U19, Deccan Chargers, Sunrisers Hyderabad, Surrey, South Africa A, Delhi Capitals, Mumbai Cricket Association XI, Cape Town Knight Riders, South African Invitation XI, Islamabad United, Winnipeg Hawks, Belfast Titans, Barbados Royals, Paarl Rocks",--,--,--,--,--,--
Andile Phehlukwayo,South Africa,--,"Mar 03, 1996 (26 years)",Durban,Bowling Allrounder,"South Africa, South Africa U19, Dolphins, South African Invitation XI, South Africa A, Joburg Giants, Cape Town Blitz, Vancouver Knights, Durban Heat",--,--,--,--,72,--
Dwaine Pretorius,South Africa,--,"Mar 29, 1989 (33 years)",Randfontein,Bowling Allrounder,"South Africa, Lions, South Africa A, Cape Town Knight Riders, Jozi Stars, Northamptonshire, Edinburgh Rocks, Paarl Rocks, Peshawar Zalmi, North West, Chennai Super Kings, St Kitts and Nevis Patriots, Colombo Stars, Welsh Fire, Durban Super Giants, Morrisville Samp Army",--,--,--,--,52,38
Chris Morris,South Africa,--,"Apr 30, 1987 (35 years)","Pretoria, Transvaal",Bowling Allrounder,"South Africa, Lions, Chennai Super Kings, South African Invitation XI, Rajasthan Royals, Titans, South Africa A, Delhi Capitals, Surrey, St Kitts and Nevis Patriots, Durban Qalandars, Nelson Mandela Bay Giants, Hampshire, Sydney Thunder, Royal Challengers Bangalore, Team Abu Dhabi, Barbados Royals",--,--,--,--,--,--
Quinton de Kock,South Africa,--,"Dec 17, 1992 (29 years)","Johannesburg, Gauteng",WK-Batsman,"South Africa U19, Lions, South Africa, Sunrisers Hyderabad, Delhi Capitals, South Africa A, Titans, Rangpur Riders, Benoni Zalmi, Royal Challengers Bangalore, Cape Town Blitz, Mumbai Indians, Southern Brave, Lucknow Super Giants, Barbados Royals, Durban Super Giants",--,4,15,--,--,--
Imran Tahir,South Africa,--,"Mar 27, 1979 (43 years)","Lahore, Punjab",Bowler,"South Africa, Warwickshire, Hampshire, Duronto Rajshahi, Lions, Delhi Capitals, Dolphins, Nottinghamshire, Mumbai Cricket Association XI, Rising Pune Supergiant, Derbyshire, World XI, Nelson Mandela Bay Stars, Chennai Super Kings, Multan Sultans, Guyana Amazon Warriors, Durham, Nelson Mandela Bay Giants, Surrey, Amsterdam Knights, Melbourne Renegades, Deccan Gladiators, Birmingham Phoenix, Northern Warriors, Dambulla Giants, World Giants, Manipal Tigers, MI Emirates",--,--,--,--,--,--
Kagiso Rabada,South Africa,--,"May 25, 1995 (27 years)",Johannesburg,Bowler,"South Africa, South Africa U19, South Africa A, Lions, Kent, Delhi Capitals, Joburg Giants, Jozi Stars, Manchester Originals, Punjab Kings, MI Cape Town",--,--,--,6,15,42
Lungi Ngidi,South Africa,--,"Mar 29, 1996 (26 years)","Durban, Natal",Bowler,"South Africa, South Africa U19, Titans, South Africa A, Benoni Zalmi, Chennai Super Kings, Tshwane Spartans, World XI, Welsh Fire, Delhi Capitals, Paarl Royals",--,--,--,27,20,33
Tabraiz Shamsi,South Africa,--,"Feb 18, 1990 (32 years)","Johannesburg, Gauteng",Bowler,"South Africa, Titans, St Kitts and Nevis Patriots, South Africa A, Royal Challengers Bangalore, Northamptonshire, Stellenbosch Kings, Warriors, Paarl Rocks, Edinburgh Rocks, Hampshire, Jamaica Tallawahs, Oval Invincibles, Rajasthan Royals, Galle Gladiators, Guyana Amazon Warriors, Trent Rockets, Paarl Royals, Deccan Gladiators",--,--,--,--,30,6
Beuran Hendricks,South Africa,--,"Jun 08, 1990 (32 years)","Louis Leipoldt Hospital, Bellville, Cape Town",Bowler,"South Africa, South Africa A, South African Invitation XI, Cape Cobras, Punjab Kings, Lions, Bloem City Blazers, Jozi Stars, Mumbai Indians, Saint Lucia Kings, Nelson Mandela Bay Giants, Western Province, Leicestershire, MI Cape Town",--,--,--,--,--,--
Martin Guptill,New Zealand,--,"Sep 30, 1986 (36 years)",Auckland,Batsman,"New Zealand, New Zealand U19, Derbyshire, Auckland, Sydney Thunder, Guyana Amazon Warriors, St Kitts and Nevis Patriots, Mumbai Indians, Lancashire, Auckland, Punjab Kings, New Zealand A, New Zealand XI, Barbados Royals, Worcestershire, Sunrisers Hyderabad, Edinburgh Rocks, Karachi Kings, Melbourne Renegades",--,20,24,--,--,--
Ross Taylor,New Zealand,--,"Mar 08, 1984 (38 years)","Lower Hutt, Wellington",Batsman,"New Zealand, New Zealand U19, Royal Challengers Bangalore, Durham, Rajasthan Royals, Delhi Capitals, Pune Warriors, Trinidad and Tobago, Trinbago Knight Riders, Saint Lucia Kings, Central Districts, Sussex, New Zealand A, New Zealand XI, Nottinghamshire, Jamaica Tallawahs, Middlesex, World XI, Guyana Amazon Warriors, Team Latham, New Zealand Legends, India Capitals",--,--,--,--,--,--
Kane Williamson,New Zealand,--,"Aug 08, 1990 (32 years)",Tauranga,Batsman,"New Zealand, Gloucestershire, Yorkshire, Northern Knights, Sunrisers Hyderabad, New Zealand A, Barbados Royals, Edmonton Royals, Birmingham Phoenix, Team Williamson",6,10,35,--,--,--
Henry Nicholls,New Zealand,--,"Nov 15, 1991 (31 years)",Christchurch,Batsman,"Canterbury, New Zealand, Sydney Thunder, New Zealand A, New Zealand XI, Derbyshire, Team Williamson",30,55,--,--,--,--
James Neesham,New Zealand,--,"Sep 17, 1990 (32 years)",Auckland,Batting Allrounder,"New Zealand, Auckland, New Zealand U19, New Zealand A, Otago, Delhi Capitals, Guyana Amazon Warriors, Kolkata Knight Riders, Derbyshire, Kent, Wellington, Trinbago Knight Riders, Edmonton Royals, Punjab Kings, New Zealand XI, Mumbai Indians, Essex, Welsh Fire, Rajasthan Royals, Northamptonshire, Northamptonshire, Pretoria Capitals, Jaffna Kings",--,81,--,--,--,--
Colin de Grandhomme,New Zealand,--,"Jul 22, 1986 (36 years)",Harare,Batting Allrounder,"New Zealand, Auckland, New Zealand A, Kolkata Knight Riders, Warwickshire, Royal Challengers Bangalore, New Zealand XI, Jamaica Tallawahs, Northern Knights, Saint Lucia Kings, Team Latham, Hampshire, Southern Brave, Surrey, Morrisville Samp Army, Adelaide Strikers",34,90,--,55,58,--
Colin Munro,New Zealand,--,"Mar 11, 1987 (35 years)",Durban,Batting Allrounder,"New Zealand, Auckland, New Zealand A, Worcestershire, Mumbai Indians, Kolkata Knight Riders, Trinbago Knight Riders, Sydney Sixers, Delhi Capitals, Hampshire, Balkh Legends, Karachi Kings, Brampton Wolves, New Zealand XI, Islamabad United, Perth Scorchers, Manchester Originals, Trent Rockets, Bangla Tigers, Brisbane Heat, Desert Vipers",--,--,--,--,--,--
Mitchell Santner,New Zealand,--,"Feb 05, 1992 (30 years)",Hamilton,Bowling Allrounder,"New Zealand, Northern Knights, Worcestershire, Chennai Super Kings, New Zealand XI, Barbados Royals, Team Williamson",--,80,--,91,19,12
Tom Latham,New Zealand,--,"Apr 02, 1992 (30 years)","Christchurch, Canterbury",WK-Batsman,"New Zealand, New Zealand A, Scotland, Canterbury, Kent, Durham, New Zealand XI, Team Latham",26,18,--,--,--,--
Tom Blundell,New Zealand,--,"Sep 01, 1990 (32 years)",Wellington,WK-Batsman,"Wellington, New Zealand A, New Zealand, New Zealand XI, Team Latham",22,--,--,--,--,--
Trent Boult,New Zealand,--,"Jul 22, 1989 (33 years)",Rotorua,Bowler,"New Zealand, New Zealand A, Northern Knights, Sunrisers Hyderabad, Kolkata Knight Riders, Delhi Capitals, Toronto Nationals, Mumbai Indians, Rajasthan Royals, Melbourne Stars, MI Emirates",--,--,--,11,1,19
Matt Henry,New Zealand,--,"Dec 14, 1991 (30 years)","Christchurch, Canterbury",Bowler,"New Zealand, New Zealand A, Chennai Super Kings, Canterbury, Worcestershire, New Zealand XI, Punjab Kings, Derbyshire, Kent, Edinburgh Rocks, Team Latham",--,--,--,48,5,--
Tim Southee,New Zealand,--,"Dec 11, 1988 (33 years)","Whangarei, Northland",Bowler,"New Zealand, New Zealand U19, Chennai Super Kings, Essex, Basnahira Cricket Dundee, Rajasthan Royals, Northern Knights, Mumbai Indians, New Zealand A, Middlesex, Royal Challengers Bangalore, Vancouver Knights, Team Williamson, Kolkata Knight Riders",--,--,--,14,34,14
Ish Sodhi,New Zealand,--,"Oct 31, 1992 (30 years)","Ludhiana, India",Bowler,"New Zealand U19, New Zealand A, New Zealand, Northern Knights, Adelaide Strikers, Nottinghamshire, New Zealand XI, Rajasthan Royals, Jamaica Tallawahs, Brampton Wolves, St Kitts and Nevis Patriots, Worcestershire, Welsh Fire, Canterbury",--,--,--,--,66,24
Lockie Ferguson,New Zealand,--,"Jun 13, 1991 (31 years)",Auckland,Bowler,"Auckland, New Zealand A, New Zealand, Rising Pune Supergiant, Derbyshire, Kolkata Knight Riders, New Zealand XI, Yorkshire, Manchester Originals, Gujarat Titans",--,--,--,--,32,47
Naresh Bahadur Budayair,Nepal,--,"Oct 15, 1991 (31 years)",Kanchanpur,Batsman,Nepal,--,--,--,--,--,--
Rajesh Pulami,Nepal,--,"Aug 27, 1992 (30 years)",--,Batsman,Nepal,--,--,--,--,--,--
Gyanendra Malla,Nepal,--,"Sep 16, 1990 (32 years)",Nepal,Batsman,Nepal,--,--,--,--,--,--
Anil Mandal,Nepal,--,"Feb 05, 1991 (31 years)","Janakpur, Nepal",Batsman,Nepal,--,--,--,--,--,--
Sharad Vesawkar,Nepal,--,"Oct 06, 1988 (34 years)",United Arab Emirates,Batsman,Nepal,--,--,--,--,--,--
Paras Khadka,Nepal,--,"Oct 24, 1987 (35 years)",Nepal,Batting Allrounder,"Nepal, Team Abu Dhabi",--,--,--,--,--,--
Amrit Bhattarai,Nepal,--,"Dec 30, 1990 (31 years)",Nepal,Bowling Allrounder,Nepal,--,--,--,--,--,--
Shakti Gauchan,Nepal,--,"Apr 22, 1984 (38 years)","Rupandehi, Nepal",Bowling Allrounder,Nepal,--,--,--,--,--,--
Avinash Karn,Nepal,--,"Feb 04, 1995 (27 years)",--,Bowling Allrounder,"Nepal, Nepal U19",--,--,--,--,--,--
Basant Regmi,Nepal,--,"Apr 06, 1986 (36 years)",Bhairahawa,Bowling Allrounder,Nepal,--,--,--,--,--,--
Sagar Pun,Nepal,--,"Mar 01, 1993 (29 years)",--,Bowling Allrounder,Nepal,--,--,--,--,--,--
Pradeep Airee,Nepal,--,"Sep 01, 1992 (30 years)",--,WK-Batsman,Nepal,--,--,--,--,--,--
Binod Bhandari,Nepal,--,"Jan 25, 1990 (32 years)",Kanchanpur,WK-Batsman,Nepal,--,--,--,--,--,--
Subash Khakurel,Nepal,--,"Apr 07, 1993 (29 years)",--,WK-Batsman,Nepal,--,--,--,--,--,--
Karan KC,Nepal,--,"Oct 10, 1991 (31 years)","Sigana V.D.C, Baglung",Bowler,"Nepal, Pune Devils",--,--,--,--,--,--
Jitendra Mukhiya,Nepal,--,"Nov 22, 1992 (30 years)",Nepal,Bowler,Nepal,--,--,--,--,--,--
Sompal Kami,Nepal,--,"Feb 02, 1996 (26 years)",Gulmi,Bowler,"Nepal, Winnipeg Hawks, Flying Oryx, Maratha Arabians",--,--,--,--,93,--
Riaan Walters,Namibia,--,"Aug 10, 1980 (42 years)",Namibia,Batsman,Namibia,--,--,--,--,--,--
Sarel Burger,Namibia,--,"Feb 13, 1983 (39 years)",Windhoek,Batting Allrounder,Namibia,--,--,--,--,--,--
Gerrie Snyman,Namibia,--,"Apr 30, 1981 (41 years)",Windhoek,Bowling Allrounder,Namibia,--,--,--,--,--,--
Stefan Swanepoel,Namibia,--,"Dec 02, 1981 (41 years)",Namibia,WK-Batsman,Namibia,--,--,--,--,--,--
Jan-Berrie Burger,Namibia,--,"Aug 25, 1981 (41 years)","Newcastle, South Africa",Bowler,Namibia,--,--,--,--,--,--
Burton van Rooi,Namibia,--,"Jul 09, 1982 (40 years)",Namibia,Bowler,Namibia,--,--,--,--,--,--
Louis Burger,Namibia,--,"Mar 12, 1978 (44 years)",Namibia,--,Namibia,--,--,--,--,--,--
Morne Karg,Namibia,--,"Jul 12, 1977 (45 years)",Windhoek,--,Namibia,--,--,--,--,--,--
Danie Keulder,Namibia,--,"Aug 02, 1973 (49 years)",Namibia,--,Namibia,--,--,--,--,--,--
Bjorn Kotze,Namibia,--,"Dec 11, 1978 (43 years)",Windhoek,--,Namibia,--,--,--,--,--,--
Deon Kotze,Namibia,--,"Sep 12, 1973 (49 years)",Windhoek,--,Namibia,--,--,--,--,--,--
Lennie Louw,Namibia,--,"Jun 19, 1959 (63 years)","Barkly West, Cape Province, South Africa",--,Namibia,--,--,--,--,--,--
Melt van Schoor,Namibia,--,"Dec 08, 1967 (54 years)","Mowbray, Cape Town, Cape Province, South Africa",--,Namibia,--,--,--,--,--,--
Rudi van Vuuren,Namibia,--,"Sep 20, 1972 (50 years)",Windhoek,--,Namibia,--,--,--,--,--,--
Ali Bushahri,Kuwait,--,"Oct 17, 1996 (26 years)",Kuwait,Batsman,Kuwait,--,--,--,--,--,--
Alkandari Mohammad,Kuwait,--,"Mar 28, 1994 (28 years)",--,Batsman,Kuwait,--,--,--,--,--,--
Alnadi Faleh,Kuwait,--,"Oct 07, 1984 (38 years)",--,Batsman,Kuwait,--,--,--,--,--,--
Bastaki Abdullah,Kuwait,--,"Mar 02, 1990 (32 years)",--,Batsman,Kuwait,--,--,--,--,--,--
Eissa Jassim,Kuwait,--,"Mar 29, 1985 (37 years)",--,Batsman,Kuwait,--,--,--,--,--,--
Salem Mishary,Kuwait,--,"Jul 24, 1989 (33 years)",--,Batsman,Kuwait,--,--,--,--,--,--
Bastaki Mahmoud,Kuwait,--,"May 05, 1956 (66 years)",--,Bowling Allrounder,Kuwait,--,--,--,--,--,--
Abdulrahman Dashti,Kuwait,--,"Apr 07, 1984 (38 years)",--,WK-Batsman,Kuwait,--,--,--,--,--,--
Alkandari Abdulrahman,Kuwait,--,"Dec 19, 1988 (33 years)",--,Bowler,Kuwait,--,--,--,--,--,--
Alotaibi Mohammed,Kuwait,--,"Mar 23, 1984 (38 years)",--,Bowler,Kuwait,--,--,--,--,--,--
Bastaki Fahad,Kuwait,--,"Mar 07, 1991 (31 years)",--,Bowler,Kuwait,--,--,--,--,--,--
Ebrahim Aldhabyan,Kuwait,--,--,--,--,Kuwait,--,--,--,--,--,--
Ali Zainal,Kuwait,--,--,--,--,Kuwait,--,--,--,--,--,--
Beidas Tareq,Kuwait,--,"May 12, 1975 (47 years)",--,--,Kuwait,--,--,--,--,--,--
Yousif Alzaid,Kuwait,--,--,--,--,Kuwait,--,--,--,--,--,--
Mohammad Usman,United Arab Emirates,--,"Aug 29, 1993 (29 years)",Lahore,Batsman,"United Arab Emirates, Emirates Cricket Board XI",--,--,97,--,--,--
Shaiman Anwar,United Arab Emirates,--,"Mar 15, 1979 (43 years)","Sialkot, Punjab",Batsman,"United Arab Emirates, Emirates Cricket Board XI, Edmonton Royals, Punjabi Legends, Winnipeg Hawks",--,--,--,--,--,--
Chundangapoyil Rizwan,United Arab Emirates,--,"Apr 19, 1988 (34 years)","Tellicherry, Kerala",Batsman,"United Arab Emirates, Desert Riders",--,--,--,--,--,--
Chirag Suri,United Arab Emirates,--,"Feb 18, 1995 (27 years)",--,Batsman,"United Arab Emirates, United Arab Emirates U19, Emirates Cricket Board XI, Gujarat Lions, Bengal Tigers, Toronto Nationals, Bangla Tigers, Swift Gallopers",--,--,94,--,--,--
Ashfaq Ahmed,United Arab Emirates,--,"Mar 26, 1985 (37 years)",--,Batsman,"United Arab Emirates, Rajputs",--,--,--,--,--,--
Mohammad Boota,United Arab Emirates,--,"Jan 05, 1983 (39 years)","Sialkot, Pakistan",Batsman,"United Arab Emirates, Pune Devils",--,--,--,--,--,--
Fayyaz Ahmed,United Arab Emirates,--,"May 12, 1983 (39 years)","Gujrat, Punjab",Batting Allrounder,"United Arab Emirates, Qalandars",--,--,--,--,--,--
Rohan Mustafa,United Arab Emirates,--,"Oct 07, 1988 (34 years)",Kohat,Batting Allrounder,"United Arab Emirates, Emirates Cricket Board XI, Toronto Nationals, Rajputs, Brampton Wolves, Team Abu Dhabi, Bangla Tigers",--,--,--,--,47,88
Ahmed Raza,United Arab Emirates,--,"Oct 10, 1988 (34 years)",Sharjah,Bowling Allrounder,"United Arab Emirates, Emirates Cricket Board XI, Edmonton Royals, Sindhis, Pune Devils, Morrisville Samp Army",--,--,--,--,39,93
Ghulam Shabber,United Arab Emirates,--,"Dec 12, 1985 (36 years)",Jhang,WK-Batsman,"Emirates Cricket Board XI, United Arab Emirates, Sindhis, Toronto Nationals",--,--,--,--,--,--
Imran Haider,United Arab Emirates,--,"Oct 31, 1987 (35 years)",Lahore,Bowler,"United Arab Emirates, Emirates Cricket Board XI, Northern Warriors",--,--,--,--,--,--
Qadeer Ahmed,United Arab Emirates,--,"Nov 15, 1985 (37 years)","Attock, Pakistan",Bowler,"United Arab Emirates, Emirates Cricket Board XI",--,--,--,--,--,--
Sultan Ahmed,United Arab Emirates,--,"Oct 11, 1989 (33 years)","Gujranwala, Punjab",Bowler,"United Arab Emirates, Qalandars, Swift Gallopers, Lahore Qalandars, Deccan Gladiators",--,--,--,--,--,--
Amir Hayat,United Arab Emirates,--,"Aug 28, 1982 (40 years)",--,Bowler,"United Arab Emirates, Maratha Arabians, Northern Warriors",--,--,--,--,--,--
Zahoor Khan,United Arab Emirates,--,"May 25, 1989 (33 years)","Faisalabad, Punjab",Bowler,"United Arab Emirates, Maratha Arabians, Brampton Wolves, Deccan Gladiators, Quetta Gladiators",--,--,--,--,75,60
Alex Obanda,Kenya,--,"Dec 25, 1987 (34 years)","Nairobi, Kenya",Batsman,"Kenya, Africa XI",--,--,--,--,--,--
Duncan Allan,Kenya,--,"Oct 14, 1991 (31 years)",--,Batting Allrounder,Kenya,--,--,--,--,--,--
Collins Obuya,Kenya,--,"Jul 27, 1981 (41 years)",Nairobi,Batting Allrounder,"Kenya, Africa XI",--,--,--,--,--,--
Seren Waters,Kenya,6 ft 0 in,"Apr 11, 1990 (32 years)","Nairobi, Kenya",Batting Allrounder,Kenya,--,--,--,--,--,--
Ragheb Aga,Kenya,--,"Jul 10, 1984 (38 years)",Kenya,Bowling Allrounder,"Kenya, Sussex",--,--,--,--,--,--
Nelson Odhiambo,Kenya,--,"Mar 21, 1989 (33 years)","Nairobi, Kenya",Bowling Allrounder,Kenya,--,--,--,--,--,--
Nehemiah Odhiambo,Kenya,--,"Aug 07, 1983 (39 years)","Nairobi, Kenya",Bowling Allrounder,"Kenya, Africa XI",--,--,--,--,--,--
Emmanuel Bundi,Kenya,--,"Sep 08, 1993 (29 years)","Kakamega, Kenya",Bowling Allrounder,Kenya,--,--,--,--,--,--
Irfan Karim,Kenya,--,"Sep 25, 1992 (30 years)",--,WK-Batsman,Kenya,--,--,--,--,--,--
Morris Ouma,Kenya,--,"Nov 08, 1982 (40 years)",Kiambli,WK-Batsman,"Kenya, Africa XI",--,--,--,--,--,--
Rakep Patel,Kenya,--,"Jul 12, 1989 (33 years)","Nairobi, Kenya",WK-Batsman,Kenya,--,--,--,--,--,--
Ibrahim Akello,Kenya,--,"Mar 31, 1985 (37 years)",--,Bowler,Kenya,--,--,--,--,--,--
Alfred Luseno,Kenya,--,"Dec 20, 1981 (40 years)",Kakemaga,Bowler,Kenya,--,--,--,--,--,--
James Ngoche,Kenya,--,"Jan 29, 1988 (34 years)",--,Bowler,Kenya,--,--,--,--,--,--
Shem Ngoche,Kenya,--,"Jun 06, 1989 (33 years)",Kenya,Bowler,Kenya,--,--,--,--,--,--
Lucas Oluoch,Kenya,--,"Aug 07, 1991 (31 years)","Nairobi, Kenya",Bowler,Kenya,--,--,--,--,--,--
Elijah Otieno,Kenya,--,"Jan 03, 1988 (34 years)","Nairobi, Kenya",Bowler,Kenya,--,--,--,--,--,--
Hiren Varaiya,Kenya,--,"Apr 09, 1984 (38 years)",Kenya,Bowler,"Kenya, Africa XI",--,--,--,--,--,--
Dominic Wesonga,Kenya,--,"Jul 16, 1988 (34 years)",--,Bowler,Kenya,--,--,--,--,--,--
Kyle Coetzer,Scotland,5 ft 11 in,"Apr 14, 1984 (38 years)",Aberdeen,Batsman,"Scotland, Durham, Chittagong Kings, Northamptonshire, City Kaitak, Montreal Tigers, Edinburgh Rocks",--,38,--,--,--,--
Dylan Budge,Scotland,--,"Sep 11, 1995 (27 years)","Leeds, Yorkshire",Batsman,"Scotland, Marylebone Cricket Club, Edinburgh Rocks",--,--,--,--,--,--
Michael Jones,Scotland,--,"Jan 05, 1998 (24 years)","Ormskirk, Lancashire",Batsman,"Scotland, Durham, Glasgow Giants",--,--,--,--,--,--
George Munsey,Scotland,--,"Feb 21, 1993 (29 years)",Oxford,Batsman,"Scotland, Northamptonshire, HKI United, Leicestershire, Brampton Wolves, Glasgow Giants, Northern Warriors, Hampshire, Kent, Dubai Capitals",--,46,22,--,--,--
Richie Berrington,Scotland,--,"Apr 03, 1987 (35 years)","Pretoria, South Africa",Batting Allrounder,"Scotland, Edmonton Royals, Glasgow Giants",--,67,25,--,--,--
Calum MacLeod,Scotland,--,"Nov 15, 1988 (34 years)","Glasgow, Lanarkshire",Batting Allrounder,"Scotland, Warwickshire, Durham, Kowloon Cantons, Derbyshire, Paktia Panthers, Toronto Nationals, Edinburgh Rocks, Sussex, Kent",--,36,79,--,--,--
Michael Leask,Scotland,--,"Oct 29, 1990 (32 years)",Aberdeen,Batting Allrounder,"Scotland, Somerset, Edinburgh Rocks",--,88,--,--,79,--
Alasdair Evans,Scotland,6 ft 5 in,"Jan 12, 1989 (33 years)","Pembury, Kent",Bowling Allrounder,"Scotland, Derbyshire, Marylebone Cricket Club, Glasgow Giants, Montreal Tigers, Durham",--,--,--,--,--,89
Tom Sole,Scotland,--,"Jun 21, 1996 (26 years)",Edinburgh,Bowling Allrounder,"Scotland, Northamptonshire, Glasgow Giants",--,--,--,--,--,--
Matthew Cross,Scotland,--,"Oct 15, 1992 (30 years)",Aberdeen,WK-Batsman,"Scotland, Essex, Montreal Tigers, Glasgow Giants",--,97,83,--,--,--
Craig Wallace,Scotland,--,"Jun 27, 1990 (32 years)","Dundee, Angus",WK-Batsman,"Scotland, Edinburgh Rocks",--,--,--,--,--,--
Mark Watt,Scotland,--,"Jul 29, 1996 (26 years)","Eastern General Hospital, Edinburgh",Bowler,"Scotland, Scotland U19, Marylebone Cricket Club, Lancashire, Derbyshire, Edinburgh Rocks, Northern Warriors",--,--,--,--,21,29
Safyaan Sharif,Scotland,--,"May 24, 1991 (31 years)","Huddersfield, Yorkshire",Bowler,"Scotland, Derbyshire, Edmonton Royals, Glasgow Giants, Kent",--,--,--,--,71,73
Chris Sole,Scotland,--,"Feb 27, 1994 (28 years)",--,Bowler,"Scotland, Scotland U19, Hampshire",--,--,--,--,--,--
Gavin Main,Scotland,--,"Feb 28, 1995 (27 years)",Lanark,Bowler,"Scotland, Scotland U19, Durham, Edinburgh Rocks",--,--,--,--,--,--
Brad Wheal,Scotland,--,"Aug 28, 1996 (26 years)","Durban, KwaZulu-Natal",Bowler,"England, Hampshire, Scotland, London Spirit, Gloucestershire, Warwickshire, MI Emirates",--,--,--,--,--,--
Delyone Borden,Bermuda,--,"Mar 04, 1985 (37 years)",Bermuda,Batsman,Bermuda,--,--,--,--,--,--
James Celestine,Bermuda,--,"Oct 13, 1973 (49 years)",Grenada,Batsman,Bermuda,--,--,--,--,--,--
Fiqre Crockwell,Bermuda,--,"Jul 08, 1985 (37 years)",Bermuda,Batsman,Bermuda,--,--,--,--,--,--
Chris Foggo,Bermuda,--,"May 07, 1982 (40 years)","Hamilton, Bermuda",Batsman,Bermuda,--,--,--,--,--,--
David Hemp,Bermuda,6 ft 1 in,"Nov 08, 1970 (52 years)","Hamilton, Bermuda",Batsman,Bermuda,--,--,--,--,--,--
Kyle Hodsoll,Bermuda,--,"Nov 24, 1988 (34 years)",Bermuda,Batsman,Bermuda,--,--,--,--,--,--
Steven Outerbridge,Bermuda,--,"May 20, 1983 (39 years)","Paget, Bermuda",Batsman,Bermuda,--,--,--,--,--,--
Azeem Pitcher,Bermuda,--,"Jul 31, 1980 (42 years)",Trinidad,Batsman,Bermuda,--,--,--,--,--,--
Tamauri Tucker,Bermuda,--,"Dec 10, 1988 (33 years)",Bermuda,Batsman,Bermuda,--,--,--,--,--,--
Malachi Jones,Bermuda,--,"Jun 26, 1989 (33 years)",Bermuda,Batting Allrounder,Bermuda,--,--,--,--,--,--
Oliver Pitcher,Bermuda,--,"May 27, 1983 (39 years)","Paget, Bermuda",Batting Allrounder,Bermuda,--,--,--,--,--,--
Rodney Trott,Bermuda,--,"Sep 08, 1987 (35 years)",Bermuda,Batting Allrounder,Bermuda,--,--,--,--,--,--
Janeiro Tucker,Bermuda,--,"Mar 15, 1975 (47 years)",Bermuda,Batting Allrounder,Bermuda,--,--,--,--,--,--
Jekon Edness,Bermuda,--,"Sep 13, 1983 (39 years)",Bermuda,WK-Batsman,Bermuda,--,--,--,--,--,--
Oronde Bascome,Bermuda,--,"Mar 08, 1988 (34 years)",Bermuda,Bowler,Bermuda,--,--,--,--,--,--
Chris Douglas,Bermuda,--,"Nov 20, 1989 (33 years)",Bermuda,Bowler,Bermuda,--,--,--,--,--,--
Dennico Hollis,Bermuda,--,"Aug 17, 1988 (34 years)",Bermuda,Bowler,Bermuda,--,--,--,--,--,--
Kevin Hurdle,Bermuda,--,"Dec 30, 1976 (45 years)",Bermuda,Bowler,Bermuda,--,--,--,--,--,--
Stefan Kelly,Bermuda,--,"Aug 24, 1988 (34 years)",Bermuda,Bowler,Bermuda,--,--,--,--,--,--
Chris Lonsdale,Bermuda,--,"Sep 15, 1987 (35 years)",Bermuda,Bowler,Bermuda,--,--,--,--,--,--
George O Brien,Bermuda,--,"Sep 16, 1984 (38 years)",Bermuda,Bowler,Bermuda,--,--,--,--,--,--
Jacobi Robinson,Bermuda,--,"Dec 31, 1984 (37 years)",Bermuda,Bowler,Bermuda,--,--,--,--,--,--
McLaren Smith,Bermuda,--,"Aug 31, 1991 (31 years)",--,Bowler,Bermuda,--,--,--,--,--,--
Ryan Steede,Bermuda,--,"Sep 11, 1975 (47 years)",Bermuda,Bowler,Bermuda,--,--,--,--,--,--
Glenn Blakeney,Bermuda,--,"Feb 22, 1973 (49 years)",Bermuda,--,Bermuda,--,--,--,--,--,--
Irving Romaine,Bermuda,--,"Aug 08, 1972 (50 years)",Bermuda,--,Bermuda,--,--,--,--,--,--
