Bal_Test_M,Bal_Test_Inn,Bal_Test_B,Bal_Test_Runs,Bal_Test_Wkts,Bal_Test_BBI,Bal_Test_BBM,Bal_Test_Econ,Bal_Test_Avg,Bal_Test_SR,Bal_Test_5W,Bal_Test_10W,Bal_ODI_M,Bal_ODI_Inn,Bal_ODI_B,Bal_ODI_Runs,Bal_ODI_Wkts,Bal_ODI_BBI,Bal_ODI_BBM,Bal_ODI_Econ,Bal_ODI_Avg,Bal_ODI_SR,Bal_ODI_5W,Bal_ODI_10W,Bal_T20I_M,Bal_T20I_Inn,Bal_T20I_B,Bal_T20I_Runs,Bal_T20I_Wkts,Bal_T20I_BBI,Bal_T20I_BBM,Bal_T20I_Econ,Bal_T20I_Avg,Bal_T20I_SR,Bal_T20I_5W,Bal_T20I_10W,Bal_IPL_M,Bal_IPL_Inn,Bal_IPL_B,Bal_IPL_Runs,Bal_IPL_Wkts,Bal_IPL_BBI,Bal_IPL_BBM,Bal_IPL_Econ,Bal_IPL_Avg,Bal_IPL_SR,Bal_IPL_5W,Bal_IPL_10W
102,11,175,84,0,0/0,0/0,2.88,0.0,0.0,0,0,264,48,641,665,4,1/15,1/15,6.22,166.25,160.25,0,0,115,13,152,204,4,1/13,1/13,8.05,51.0,38.0,0,0,223,26,251,368,4,2/25,2/25,8.8,92.0,62.75,0,0
45,16,383,224,2,1/26,1/35,3.51,112.0,191.5,0,0,235,38,593,515,8,2/27,2/27,5.21,64.38,74.12,0,0,148,9,68,113,1,1/22,1/22,9.97,113.0,68.0,0,0,227,32,339,453,15,4/6,4/6,8.02,30.2,22.6,0,0
34,5,54,18,0,0/0,0/0,2.0,0.0,0.0,0,0,166,-,-,-,-,-,-,-,-,-,-,-,68,-,-,-,-,-,-,-,-,-,-,-,206,6,48,66,4,1/7,1/7,8.25,16.5,12.0,0,0
11,-,-,-,-,-,-,-,-,-,-,-,15,-,-,-,-,-,-,-,-,-,-,-,-,-,-,-,-,-,-,-,-,-,-,-,74,-,-,-,-,-,-,-,-,-,-,-
5,-,-,-,-,-,-,-,-,-,-,-,38,4,31,37,0,0/1,0/1,7.16,0.0,0.0,0,0,49,1,2,2,0,0/2,0/2,0.0,0.0,0.0,0,0,101,1,6,7,0,0/7,0/7,7.0,0.0,0.0,0,0
-,-,-,-,-,-,-,-,-,-,-,-,29,-,-,-,-,-,-,-,-,-,-,-,39,-,-,-,-,-,-,-,-,-,-,-,160,-,-,-,-,-,-,-,-,-,-,-
21,-,-,-,-,-,-,-,-,-,-,-,5,1,6,10,0,0/10,0/10,10.0,0.0,0.0,0,0,-,-,-,-,-,-,-,-,-,-,-,-,113,-,-,-,-,-,-,-,-,-,-,-
5,-,-,-,-,-,-,-,-,-,-,-,6,-,-,-,-,-,-,-,-,-,-,-,1,-,-,-,-,-,-,-,-,-,-,-,63,-,-,-,-,-,-,-,-,-,-,-
96,1,6,2,0,0/2,0/2,2.0,0.0,0.0,0,0,5,-,-,-,-,-,-,-,-,-,-,-,-,-,-,-,-,-,-,-,-,-,-,-,30,-,-,-,-,-,-,-,-,-,-,-
82,-,-,-,-,-,-,-,-,-,-,-,90,-,-,-,-,-,-,-,-,-,-,-,20,-,-,-,-,-,-,-,-,-,-,-,158,1,6,5,1,1/5,1/5,5.0,5.0,6.0,0,0
11,19,937,528,17,5/28,6/50,3.38,31.06,55.12,1,0,66,61,2632,2438,63,4/24,4/24,5.56,38.7,41.78,0,0,81,70,1223,1695,62,4/33,4/33,8.32,27.34,19.73,0,0,107,70,1052,1535,50,3/17,3/17,8.75,30.7,21.04,0,0
16,10,345,180,5,3/37,3/38,3.13,36.0,69.0,0,0,-,-,-,-,-,-,-,-,-,-,-,-,-,-,-,-,-,-,-,-,-,-,-,-,24,6,42,47,1,1/5,1/5,6.71,47.0,42.0,0,0
60,114,14751,5980,242,7/48,10/154,2.43,24.71,60.95,10,1,171,166,8611,7062,189,5/36,5/36,4.92,37.37,45.56,1,0,64,62,1237,1453,51,3/15,3/15,7.05,28.49,24.25,0,0,210,181,3205,4064,132,5/16,5/16,7.61,30.79,24.28,1,0
86,162,23089,10666,442,7/59,13/140,2.77,24.13,52.24,30,7,113,111,6141,5058,151,4/25,4/25,4.94,33.5,40.67,0,0,65,65,1452,1672,72,4/8,4/8,6.91,23.22,20.17,0,0,184,181,3900,4534,157,4/34,4/34,6.98,28.88,24.84,0,0
43,-,-,-,-,-,-,-,-,-,-,-,47,-,-,-,-,-,-,-,-,-,-,-,72,-,-,-,-,-,-,-,-,-,-,-,109,-,-,-,-,-,-,-,-,-,-,-
-,-,-,-,-,-,-,-,-,-,-,-,11,-,-,-,-,-,-,-,-,-,-,-,16,-,-,-,-,-,-,-,-,-,-,-,138,-,-,-,-,-,-,-,-,-,-,-
40,-,-,-,-,-,-,-,-,-,-,-,9,-,-,-,-,-,-,-,-,-,-,-,-,-,-,-,-,-,-,-,-,-,-,-,144,-,-,-,-,-,-,-,-,-,-,-
31,-,-,-,-,-,-,-,-,-,-,-,30,-,-,-,-,-,-,-,-,-,-,-,66,-,-,-,-,-,-,-,-,-,-,-,98,-,-,-,-,-,-,-,-,-,-,-
60,114,10827,5931,216,6/56,9/118,3.29,27.46,50.12,6,0,82,81,4188,3910,152,5/69,5/69,5.6,25.72,27.55,1,0,23,23,477,711,24,3/15,3/15,8.94,29.62,19.88,0,0,93,93,2036,2890,99,3/15,3/15,8.52,29.19,20.57,0,0
30,58,6268,2815,128,6/27,9/86,2.69,21.99,48.97,8,0,72,72,3807,2941,121,6/19,6/19,4.64,24.31,31.46,2,0,60,59,1283,1416,70,3/11,3/11,6.62,20.23,18.33,0,0,120,120,2742,3380,145,5/10,5/10,7.4,23.31,18.91,1,0
7,12,1063,620,26,5/57,6/119,3.5,23.85,40.88,2,0,72,70,3823,3313,118,6/25,6/25,5.2,28.08,32.4,1,0,25,24,537,617,44,5/24,5/24,6.89,14.02,12.2,1,0,59,57,1194,1655,61,4/14,4/14,8.32,27.13,19.57,0,0
-,-,-,-,-,-,-,-,-,-,-,-,70,67,3635,3182,118,6/42,6/42,5.25,26.97,30.81,2,0,71,70,1590,2156,87,6/25,6/25,8.14,24.78,18.28,1,0,131,130,2856,3624,166,5/40,5/40,7.61,21.83,17.2,1,0
2,4,251,172,4,2/54,4/119,4.11,43.0,62.75,0,0,8,8,420,481,6,2/58,2/58,6.87,80.17,70.0,0,0,11,9,197,235,13,3/17,3/17,7.16,18.08,15.15,0,0,30,30,622,900,20,2/24,2/24,8.68,45.0,31.1,0,0
8,15,1107,660,27,7/61,8/108,3.58,24.44,41.0,1,0,30,30,1383,1432,41,4/52,4/52,6.21,34.93,33.73,0,0,25,24,506,772,33,4/27,4/27,9.15,23.39,15.33,0,0,75,74,1550,2340,82,4/36,4/36,9.06,28.54,18.9,0,0
52,102,8235,4867,158,6/88,10/133,3.55,30.8,52.12,3,1,75,73,3558,3565,106,4/31,4/31,6.01,33.63,33.57,0,0,9,9,180,280,12,2/19,2/19,9.33,23.33,15.0,0,0,133,132,2810,3918,135,4/23,4/23,8.37,29.02,20.81,0,0
13,25,2230,1231,40,5/73,8/126,3.31,30.77,55.75,1,0,15,15,762,614,23,3/29,3/29,4.83,26.7,33.13,0,0,8,8,192,294,11,4/17,4/17,9.19,26.73,17.45,0,0,65,65,1334,1951,59,4/32,4/32,8.78,33.07,22.61,0,0
3,-,-,-,-,-,-,-,-,-,-,-,147,-,-,-,-,-,-,-,-,-,-,-,61,-,-,-,-,-,-,-,-,-,-,-,-,-,-,-,-,-,-,-,-,-,-,-
2,-,-,-,-,-,-,-,-,-,-,-,10,-,-,-,-,-,-,-,-,-,-,-,-,-,-,-,-,-,-,-,-,-,-,-,-,-,-,-,-,-,-,-,-,-,-,-
3,1,6,8,0,0/8,0/8,8.0,0.0,0.0,0,0,87,4,60,68,2,1/26,1/26,6.8,34.0,30.0,0,0,85,-,-,-,-,-,-,-,-,-,-,-,-,-,-,-,-,-,-,-,-,-,-,-
1,2,156,103,0,0/17,0/103,3.96,0.0,0.0,0,0,-,-,-,-,-,-,-,-,-,-,-,-,6,5,92,143,9,3/19,3/19,9.33,15.89,10.22,0,0,-,-,-,-,-,-,-,-,-,-,-,-
3,2,60,31,0,0/11,0/11,3.1,0.0,0.0,0,0,152,116,4296,3726,114,4/13,4/13,5.2,32.68,37.68,0,0,109,52,917,1148,58,4/45,4/45,7.51,19.79,15.81,0,0,-,-,-,-,-,-,-,-,-,-,-,-
3,1,12,11,0,0/11,0/11,5.5,0.0,0.0,0,0,138,76,2441,1942,43,6/55,6/55,4.77,45.16,56.77,1,0,121,41,522,647,20,3/21,3/21,7.44,32.35,26.1,0,0,-,-,-,-,-,-,-,-,-,-,-,-
3,6,410,204,10,3/28,4/93,2.99,20.4,41.0,0,0,19,16,559,490,12,2/17,2/17,5.26,40.83,46.58,0,0,40,30,474,670,18,4/18,4/18,8.48,37.22,26.33,0,0,-,-,-,-,-,-,-,-,-,-,-,-
2,-,-,-,-,-,-,-,-,-,-,-,104,-,-,-,-,-,-,-,-,-,-,-,81,-,-,-,-,-,-,-,-,-,-,-,-,-,-,-,-,-,-,-,-,-,-,-
-,-,-,-,-,-,-,-,-,-,-,-,29,-,-,-,-,-,-,-,-,-,-,-,49,-,-,-,-,-,-,-,-,-,-,-,-,-,-,-,-,-,-,-,-,-,-,-
-,-,-,-,-,-,-,-,-,-,-,-,24,24,1238,1356,34,3/33,3/33,6.57,39.88,36.41,0,0,12,12,251,416,15,4/35,4/35,9.94,27.73,16.73,0,0,-,-,-,-,-,-,-,-,-,-,-,-
1,2,240,121,2,2/63,2/121,3.02,60.5,120.0,0,0,102,92,4382,3488,93,4/24,4/24,4.78,37.51,47.12,0,0,111,82,1502,1780,81,4/20,4/20,7.11,21.98,18.54,0,0,-,-,-,-,-,-,-,-,-,-,-,-
3,6,570,213,13,5/13,6/65,2.24,16.38,43.85,1,0,58,57,3020,2290,74,5/21,5/21,4.55,30.95,40.81,1,0,14,14,268,324,13,3/23,3/23,7.25,24.92,20.62,0,0,-,-,-,-,-,-,-,-,-,-,-,-
1,2,166,98,6,3/32,6/98,3.54,16.33,27.67,0,0,26,24,1103,1123,27,4/19,4/19,6.11,41.59,40.85,0,0,58,58,1229,1590,76,4/23,4/23,7.76,20.92,16.17,0,0,-,-,-,-,-,-,-,-,-,-,-,-
2,3,300,159,3,2/77,3/112,3.18,53.0,100.0,0,0,67,64,3281,2408,75,5/29,5/29,4.4,32.11,43.75,1,0,32,26,408,487,23,2/7,2/7,7.16,21.17,17.74,0,0,-,-,-,-,-,-,-,-,-,-,-,-
-,-,-,-,-,-,-,-,-,-,-,-,38,38,1890,1819,61,5/46,5/46,5.77,29.82,30.98,1,0,35,35,737,1126,30,4/30,4/30,9.17,37.53,24.57,0,0,-,-,-,-,-,-,-,-,-,-,-,-
3,6,443,304,8,2/5,4/91,4.12,38.0,55.38,0,0,75,73,3708,2958,107,4/15,4/15,4.79,27.64,34.65,0,0,50,49,1068,1219,55,3/16,3/16,6.85,22.16,19.42,0,0,-,-,-,-,-,-,-,-,-,-,-,-
5,1,12,8,0,0/8,0/8,4.0,0.0,0.0,0,0,146,21,284,259,4,1/2,1/2,5.47,64.75,71.0,0,0,103,2,12,27,0,0/9,0/9,13.5,0.0,0.0,0,0,92,5,43,67,1,1/11,1/11,9.35,67.0,43.0,0,0
89,58,1435,990,18,3/18,4/83,4.14,55.0,79.72,0,0,139,40,1076,971,28,3/16,3/16,5.41,34.68,38.43,0,0,63,17,291,378,17,3/20,3/20,7.79,22.24,17.12,0,0,103,1,2,5,0,0/5,0/5,0.0,0.0,0.0,0,0
98,19,342,269,4,2/45,2/45,4.72,67.25,85.50,0,0,141,1,6,8,0,0/8,0/8,8.0,0.0,0.0,0,0,99,-,-,-,-,-,-,-,-,-,-,-,162,1,1,2,0,0/2,0/2,0.0,0.0,0.0,0,0
23,-,-,-,-,-,-,-,-,-,-,-,6,-,-,-,-,-,-,-,-,-,-,-,-,-,-,-,-,-,-,-,-,-,-,-,-,-,-,-,-,-,-,-,-,-,-,-
1,-,-,-,-,-,-,-,-,-,-,-,-,-,-,-,-,-,-,-,-,-,-,-,-,-,-,-,-,-,-,-,-,-,-,-,-,-,-,-,-,-,-,-,-,-,-,-
7,9,462,341,8,4/127,4/127,4.43,42.62,57.75,0,0,127,100,3236,3007,60,4/46,4/46,5.58,50.12,53.93,0,0,98,66,865,1076,39,3/10,3/10,7.46,27.59,22.18,0,0,110,66,786,1080,28,2/15,2/15,8.24,38.57,28.07,0,0
-,-,-,-,-,-,-,-,-,-,-,-,57,51,1656,1647,37,3/16,3/16,5.97,44.51,44.76,0,0,51,29,428,614,18,3/34,3/34,8.61,34.11,23.78,0,0,67,50,654,1048,34,4/15,4/15,9.61,30.82,19.24,0,0
4,4,330,164,2,1/48,1/48,2.98,82.0,165.0,0,0,16,12,402,347,8,3/32,3/32,5.18,43.38,50.25,0,0,24,10,138,194,7,3/22,3/22,8.43,27.71,19.71,0,0,62,60,950,1289,42,3/12,3/12,8.14,30.69,22.62,0,0
30,38,1140,702,13,3/45,5/119,3.69,54.00,87.69,0,0,27,9,185,197,2,2/19,2/19,6.39,98.5,92.5,0,0,1,-,-,-,-,-,-,-,-,-,-,-,-,-,-,-,-,-,-,-,-,-,-,-
30,16,347,190,6,4/10,4/10,3.33,31.67,57.83,0,0,51,30,843,818,14,2/22,2/22,5.82,58.43,60.21,0,0,17,4,36,56,1,1/16,1/16,9.33,56.0,36.0,0,0,10,5,48,81,2,2/30,2/30,10.12,40.5,24.0,0,0
2,2,144,61,2,1/28,2/61,2.54,30.5,72.0,0,0,2,2,100,120,2,2/46,2/46,7.2,60.0,50.0,0,0,-,-,-,-,-,-,-,-,-,-,-,-,1,1,24,62,0,0/62,0/62,15.5,0.0,0.0,0,0
4,8,874,410,9,3/46,5/101,2.81,45.56,97.11,0,0,20,20,984,877,18,2/31,2/31,5.35,48.72,54.67,0,0,47,47,994,1073,48,6/30,6/30,6.48,22.35,20.71,2,0,-,-,-,-,-,-,-,-,-,-,-,-
16,25,1324,594,17,3/21,4/66,2.7,34.94,77.88,0,0,13,13,384,322,11,5/33,5/33,5.03,29.27,34.91,1,0,8,7,120,178,5,2/16,2/16,8.9,35.6,24.0,0,0,-,-,-,-,-,-,-,-,-,-,-,-
-,-,-,-,-,-,-,-,-,-,-,-,-,-,-,-,-,-,-,-,-,-,-,-,10,10,180,305,7,2/33,2/33,10.17,43.57,25.71,0,0,16,16,360,523,14,4/30,4/30,8.72,37.36,25.71,0,0
-,-,-,-,-,-,-,-,-,-,-,-,8,8,342,311,9,2/1,2/1,5.46,34.56,38.0,0,0,9,9,138,189,5,2/14,2/14,8.22,37.8,27.6,0,0,3,3,54,104,1,1/47,1/47,11.56,104.0,54.0,0,0
12,-,-,-,-,-,-,-,-,-,-,-,62,-,-,-,-,-,-,-,-,-,-,-,38,-,-,-,-,-,-,-,-,-,-,-,3,-,-,-,-,-,-,-,-,-,-,-
36,4,30,28,0,0/0,0/0,5.6,0.0,0.0,0,0,97,-,-,-,-,-,-,-,-,-,-,-,75,-,-,-,-,-,-,-,-,-,-,-,13,-,-,-,-,-,-,-,-,-,-,-
35,-,-,-,-,-,-,-,-,-,-,-,35,-,-,-,-,-,-,-,-,-,-,-,12,-,-,-,-,-,-,-,-,-,-,-,2,-,-,-,-,-,-,-,-,-,-,-
44,82,9529,4345,202,6/23,10/62,2.74,21.51,47.17,7,1,75,75,3938,3424,124,5/70,5/70,5.22,27.61,31.76,1,0,50,50,1098,1350,55,3/15,3/15,7.38,24.55,19.96,0,0,42,42,953,1357,45,4/34,4/34,8.54,30.16,21.18,0,0
112,209,28972,14236,446,8/50,13/154,2.95,31.92,64.96,21,3,29,29,1626,1334,29,4/44,4/44,4.92,46.0,56.07,0,0,2,2,30,48,1,1/33,1/33,9.6,48.0,30.0,0,0,-,-,-,-,-,-,-,-,-,-,-,-
73,138,14614,8045,291,6/50,11/94,3.3,27.65,50.22,13,2,107,107,5509,4671,211,6/28,6/28,5.09,22.14,26.11,8,0,58,58,1314,1673,73,4/20,4/20,7.64,22.92,18.0,0,0,27,26,580,693,34,4/15,4/15,7.17,20.38,17.06,0,0
-,-,-,-,-,-,-,-,-,-,-,-,76,76,4014,3641,127,5/35,5/35,5.44,28.67,31.61,1,0,72,71,1541,1781,82,5/19,5/19,6.93,21.72,18.79,1,0,14,14,287,370,21,6/19,6/19,7.74,17.62,13.67,1,0
58,109,12493,5678,217,6/67,9/115,2.73,26.17,57.57,9,0,69,68,3626,2766,108,6/52,6/52,4.58,25.61,33.57,3,0,41,41,922,1181,58,4/12,4/12,7.69,20.36,15.9,0,0,24,24,549,734,32,4/25,4/25,8.02,22.94,17.16,0,0
-,-,-,-,-,-,-,-,-,-,-,-,7,7,387,392,12,5/46,5/46,6.08,32.67,32.25,1,0,32,31,683,997,47,4/23,4/23,8.76,21.21,14.53,0,0,30,30,684,979,42,5/17,5/17,8.59,23.31,16.29,1,0
21,38,3963,2133,81,5/27,8/105,3.23,26.33,48.93,4,0,15,15,727,681,16,4/51,4/51,5.62,42.56,45.44,0,0,4,4,78,104,3,2/17,2/17,8.0,34.67,26.0,0,0,10,10,213,320,11,2/19,2/19,9.01,29.09,19.36,0,0
4,7,892,458,10,3/55,5/89,3.08,45.8,89.2,0,0,3,3,158,161,3,2/53,2/53,6.11,53.67,52.67,0,0,8,8,150,204,11,3/12,3/12,8.16,18.55,13.64,0,0,-,-,-,-,-,-,-,-,-,-,-,-
69,5,30,20,0,0/1,0/1,4.0,0.0,0.0,0,0,231,2,6,13,0,0/6,0/6,13.0,0.0,0.0,0,0,78,-,-,-,-,-,-,-,-,-,-,-,-,-,-,-,-,-,-,-,-,-,-,-
16,12,508,336,4,2/68,2/68,3.97,84.0,127.0,0,0,61,18,400,389,11,3/56,3/56,5.83,35.36,36.36,0,0,72,24,264,417,11,2/19,2/19,9.48,37.91,24.0,0,0,-,-,-,-,-,-,-,-,-,-,-,-
11,7,144,98,0,0/9,0/9,4.08,0.0,0.0,0,0,66,21,306,345,3,1/12,1/12,6.76,115.0,102.0,0,0,48,9,73,79,6,3/11,3/11,6.49,13.17,12.17,0,0,-,-,-,-,-,-,-,-,-,-,-,-
50,66,3423,1958,43,5/51,8/110,3.43,45.53,79.6,1,0,214,145,4267,3702,82,3/4,3/4,5.21,45.15,52.04,0,0,121,70,845,1012,38,3/10,3/10,7.19,26.63,22.24,0,0,-,-,-,-,-,-,-,-,-,-,-,-
63,106,14406,7048,225,7/36,10/124,2.94,31.32,64.03,19,2,223,220,11471,8476,292,5/29,5/29,4.43,29.03,39.28,4,0,109,107,2385,2715,128,5/20,5/20,6.83,21.21,18.63,1,0,71,70,1484,1839,63,3/17,3/17,7.44,29.19,23.56,0,0
4,6,162,87,0,0/1,0/4,3.22,0.0,0.0,0,0,43,41,1130,969,17,3/13,3/13,5.15,57.0,66.47,0,0,33,26,331,398,18,5/20,5/20,7.21,22.11,18.39,1,0,-,-,-,-,-,-,-,-,-,-,-,-
-,-,-,-,-,-,-,-,-,-,-,-,29,28,1283,1279,41,4/41,4/41,5.98,31.2,31.29,0,0,34,34,701,1009,34,4/33,4/33,8.64,29.68,20.62,0,0,-,-,-,-,-,-,-,-,-,-,-,-
35,59,8869,4610,135,7/58,12/117,3.12,34.15,65.7,8,2,66,65,3285,2523,78,4/25,4/25,4.61,32.35,42.12,0,0,19,19,294,426,8,3/17,3/17,8.69,53.25,36.75,0,0,-,-,-,-,-,-,-,-,-,-,-,-
82,-,-,-,-,-,-,-,-,-,-,-,238,-,-,-,-,-,-,-,-,-,-,-,102,-,-,-,-,-,-,-,-,-,-,-,-,-,-,-,-,-,-,-,-,-,-,-
35,-,-,-,-,-,-,-,-,-,-,-,59,-,-,-,-,-,-,-,-,-,-,-,65,-,-,-,-,-,-,-,-,-,-,-,-,-,-,-,-,-,-,-,-,-,-,-
10,-,-,-,-,-,-,-,-,-,-,-,34,1,12,12,0,0/12,0/12,6.0,0.0,0.0,0,0,17,-,-,-,-,-,-,-,-,-,-,-,-,-,-,-,-,-,-,-,-,-,-,-
36,51,5990,3239,78,4/60,5/88,3.24,41.53,76.79,0,0,220,220,10928,8897,270,6/26,6/26,4.88,32.95,40.47,1,0,54,53,1139,1528,42,4/19,4/19,8.05,36.38,27.12,0,0,1,1,24,58,0,0/58,0/58,14.5,0.0,0.0,0,0
27,44,4223,2764,36,5/166,5/210,3.93,76.78,117.31,1,0,104,102,4678,4427,129,6/26,6/26,5.68,34.32,36.26,1,0,28,27,579,912,28,3/31,3/31,9.45,32.57,20.68,0,0,-,-,-,-,-,-,-,-,-,-,-,-
15,25,2145,1139,31,4/37,5/66,3.19,36.74,69.19,0,0,81,80,3920,3304,140,6/43,6/43,5.06,23.6,28.0,5,0,78,77,1672,2129,97,5/22,5/22,7.64,21.95,17.24,1,0,46,46,1050,1365,46,3/16,3/16,7.8,29.67,22.83,0,0
13,18,1964,1118,30,4/71,6/130,3.42,37.27,65.47,0,0,2,2,108,114,5,5/58,5/58,6.33,22.8,21.6,1,0,3,3,66,106,4,2/27,2/27,9.64,26.5,16.5,0,0,-,-,-,-,-,-,-,-,-,-,-,-
56,1,6,2,0,0/2,0/2,2.0,0.0,0.0,0,0,122,-,-,-,-,-,-,-,-,-,-,-,26,-,-,-,-,-,-,-,-,-,-,-,1,-,-,-,-,-,-,-,-,-,-,-
103,104,7109,3120,73,5/34,6/81,2.63,42.74,97.38,2,0,301,199,7424,5926,167,5/46,5/46,4.79,35.49,44.46,1,0,79,30,381,440,20,2/15,2/15,6.93,22.0,19.05,0,0,142,38,554,729,18,3/21,3/21,7.9,40.5,30.78,0,0
-,-,-,-,-,-,-,-,-,-,-,-,57,-,-,-,-,-,-,-,-,-,-,-,53,-,-,-,-,-,-,-,-,-,-,-,27,-,-,-,-,-,-,-,-,-,-,-
16,-,-,-,-,-,-,-,-,-,-,-,47,-,-,-,-,-,-,-,-,-,-,-,50,-,-,-,-,-,-,-,-,-,-,-,46,-,-,-,-,-,-,-,-,-,-,-
-,-,-,-,-,-,-,-,-,-,-,-,20,18,666,627,7,2/40,2/40,5.65,89.57,95.14,0,0,34,29,521,646,24,2/18,2/18,7.44,26.92,21.71,0,0,5,4,90,136,2,1/22,1/22,9.07,68.0,45.0,0,0
58,101,9849,4158,143,6/42,11/103,2.53,29.08,68.87,8,1,131,127,6043,5555,153,5/27,5/27,5.52,36.31,39.5,2,0,49,46,1006,1370,51,5/27,5/27,8.17,26.86,19.73,1,0,38,38,824,1177,49,4/52,4/52,8.57,24.02,16.82,0,0
1,2,138,104,1,1/73,1/104,4.52,104.0,138.0,0,0,56,55,2290,2229,70,4/35,4/35,5.84,31.84,32.71,0,0,67,56,891,1364,39,3/43,3/43,9.19,34.97,22.85,0,0,98,89,1430,2179,89,5/15,5/15,9.14,24.48,16.07,1,0
3,4,408,242,1,1/30,1/139,3.56,242.0,408.0,0,0,44,40,1825,1766,43,5/27,5/27,5.81,41.07,42.44,1,0,41,39,709,1013,31,3/20,3/20,8.57,32.68,22.87,0,0,16,16,254,379,13,3/47,3/47,8.95,29.15,19.54,0,0
38,-,-,-,-,-,-,-,-,-,-,-,104,-,-,-,-,-,-,-,-,-,-,-,19,-,-,-,-,-,-,-,-,-,-,-,-,-,-,-,-,-,-,-,-,-,-,-
-,-,-,-,-,-,-,-,-,-,-,-,52,7,169,174,6,4/48,4/48,6.18,29.0,28.17,0,0,72,-,-,-,-,-,-,-,-,-,-,-,47,-,-,-,-,-,-,-,-,-,-,-
2,2,276,196,2,1/72,1/72,4.26,98.0,138.0,0,0,38,36,1722,1685,52,5/46,5/46,5.87,32.4,33.12,1,0,42,41,876,1160,50,4/28,4/28,7.95,23.2,17.52,0,0,6,6,120,176,6,2/17,2/17,8.8,29.33,20.0,0,0
56,98,9055,5127,161,8/62,13/121,3.4,31.84,56.24,6,1,25,25,1148,1134,33,3/17,3/17,5.93,34.36,34.79,0,0,2,2,42,56,3,3/44,3/44,8.0,18.67,14.0,0,0,-,-,-,-,-,-,-,-,-,-,-,-
74,134,13479,6884,253,6/48,10/146,3.06,27.21,53.28,10,1,95,93,4579,3887,125,6/27,6/27,5.09,31.1,36.63,3,0,11,11,234,284,10,2/25,2/25,7.28,28.4,23.4,0,0,2,2,48,80,0,0/32,0/32,10.0,0.0,0.0,0,0
-,-,-,-,-,-,-,-,-,-,-,-,54,49,2384,2125,49,4/51,4/51,5.35,43.37,48.65,0,0,13,13,240,317,8,2/6,2/6,7.92,39.62,30.0,0,0,-,-,-,-,-,-,-,-,-,-,-,-
-,-,-,-,-,-,-,-,-,-,-,-,20,19,771,866,27,5/21,5/21,6.74,32.07,28.56,1,0,20,19,384,602,21,5/28,5/28,9.41,28.67,18.29,1,0,4,4,60,79,5,2/6,2/6,7.9,15.8,12.0,0,0
18,-,-,-,-,-,-,-,-,-,-,-,105,-,-,-,-,-,-,-,-,-,-,-,56,-,-,-,-,-,-,-,-,-,-,-,-,-,-,-,-,-,-,-,-,-,-,-
38,25,1164,489,16,3/24,3/24,2.52,30.56,72.75,0,0,209,85,1844,1636,39,3/39,3/39,5.32,41.95,47.28,0,0,65,9,72,113,2,1/4,1/4,9.42,56.5,36.0,0,0,-,-,-,-,-,-,-,-,-,-,-,-
17,25,2657,1441,34,7/113,8/176,3.25,42.38,78.15,2,0,123,95,3830,3124,70,3/21,3/21,4.89,44.63,54.71,0,0,66,55,846,1013,38,4/8,4/8,7.18,26.66,22.26,0,0,-,-,-,-,-,-,-,-,-,-,-,-
14,22,2025,1072,21,3/20,6/111,3.18,51.05,96.43,0,0,147,121,4540,3738,77,4/43,4/43,4.94,48.55,58.96,0,0,66,62,1074,1238,43,3/15,3/15,6.92,28.79,24.98,0,0,-,-,-,-,-,-,-,-,-,-,-,-
2,3,84,32,1,1/22,1/27,2.29,32.0,84.0,0,0,47,19,507,515,12,4/43,4/43,6.09,42.92,42.25,0,0,9,5,72,115,1,1/15,1/15,9.58,115.0,72.0,0,0,-,-,-,-,-,-,-,-,-,-,-,-
7,2,18,12,0,0/3,0/3,4.0,0.0,0.0,0,0,14,-,-,-,-,-,-,-,-,-,-,-,3,-,-,-,-,-,-,-,-,-,-,-,-,-,-,-,-,-,-,-,-,-,-,-
4,-,-,-,-,-,-,-,-,-,-,-,22,9,225,230,4,2/50,2/50,6.13,57.5,56.25,0,0,13,2,18,20,1,1/8,1/8,6.67,20.0,18.0,0,0,-,-,-,-,-,-,-,-,-,-,-,-
14,22,1806,966,21,5/54,6/133,3.21,46.0,86.0,1,0,213,132,4339,4274,101,4/28,4/28,5.91,42.32,42.96,0,0,56,20,258,404,14,4/31,4/31,9.4,28.86,18.43,0,0,-,-,-,-,-,-,-,-,-,-,-,-
22,-,-,-,-,-,-,-,-,-,-,-,61,-,-,-,-,-,-,-,-,-,-,-,49,-,-,-,-,-,-,-,-,-,-,-,-,-,-,-,-,-,-,-,-,-,-,-
34,4,42,38,0,0/6,0/6,5.43,0.0,0.0,0,0,205,21,396,406,9,3/54,3/54,6.15,45.11,44.0,0,0,44,2,30,17,1,1/16,1/16,3.4,17.0,30.0,0,0,-,-,-,-,-,-,-,-,-,-,-,-
8,-,-,-,-,-,-,-,-,-,-,-,49,-,-,-,-,-,-,-,-,-,-,-,21,-,-,-,-,-,-,-,-,-,-,-,-,-,-,-,-,-,-,-,-,-,-,-
8,14,1569,596,21,5/61,6/106,2.28,28.38,74.71,1,0,79,79,3896,3333,102,4/33,4/33,5.13,32.68,38.2,0,0,47,47,1020,1235,51,3/14,3/14,7.26,24.22,20.0,0,0,-,-,-,-,-,-,-,-,-,-,-,-
15,24,2615,1247,26,3/23,4/47,2.86,47.96,100.58,0,0,38,36,1508,1456,36,5/63,5/63,5.79,40.44,41.89,1,0,23,23,417,617,16,3/20,3/20,8.88,38.56,26.06,0,0,-,-,-,-,-,-,-,-,-,-,-,-
15,23,2489,1392,29,4/92,5/123,3.36,48.0,85.83,0,0,84,83,3960,3581,93,6/52,6/52,5.43,38.51,42.58,1,0,32,32,694,1036,33,4/30,4/30,8.96,31.39,21.03,0,0,-,-,-,-,-,-,-,-,-,-,-,-
13,22,2511,1354,46,5/54,7/98,3.24,29.43,54.59,3,0,49,49,2362,2087,58,4/16,4/16,5.3,35.98,40.72,0,0,21,21,424,630,26,3/15,3/15,8.92,24.23,16.31,0,0,-,-,-,-,-,-,-,-,-,-,-,-
2,4,336,237,4,4/21,4/48,4.23,59.25,84.0,0,0,7,7,276,266,7,2/30,2/30,5.78,38.0,39.43,0,0,9,9,150,201,3,1/19,1/19,8.04,67.0,50.0,0,0,-,-,-,-,-,-,-,-,-,-,-,-
-,-,-,-,-,-,-,-,-,-,-,-,-,-,-,-,-,-,-,-,-,-,-,-,2,-,-,-,-,-,-,-,-,-,-,-,-,-,-,-,-,-,-,-,-,-,-,-
-,-,-,-,-,-,-,-,-,-,-,-,36,34,1490,1151,30,4/27,4/27,4.63,38.37,49.67,0,0,31,28,466,562,22,2/13,2/13,7.24,25.55,21.18,0,0,-,-,-,-,-,-,-,-,-,-,-,-
-,-,-,-,-,-,-,-,-,-,-,-,19,19,978,690,18,3/58,3/58,4.23,38.33,54.33,0,0,8,8,126,140,4,2/13,2/13,6.67,35.0,31.5,0,0,-,-,-,-,-,-,-,-,-,-,-,-
-,-,-,-,-,-,-,-,-,-,-,-,13,-,-,-,-,-,-,-,-,-,-,-,5,-,-,-,-,-,-,-,-,-,-,-,-,-,-,-,-,-,-,-,-,-,-,-
-,-,-,-,-,-,-,-,-,-,-,-,48,14,240,181,3,2/33,2/33,4.53,60.33,80.0,0,0,31,4,30,51,0,0/8,0/8,10.2,0.0,0.0,0,0,-,-,-,-,-,-,-,-,-,-,-,-
-,-,-,-,-,-,-,-,-,-,-,-,54,50,1908,1264,43,3/17,3/17,3.97,29.4,44.37,0,0,33,22,330,350,24,3/7,3/7,6.36,14.58,13.75,0,0,-,-,-,-,-,-,-,-,-,-,-,-
-,-,-,-,-,-,-,-,-,-,-,-,54,50,1908,1264,43,3/17,3/17,3.97,29.4,44.37,0,0,33,22,330,350,24,3/7,3/7,6.36,14.58,13.75,0,0,-,-,-,-,-,-,-,-,-,-,-,-
-,-,-,-,-,-,-,-,-,-,-,-,2,2,108,76,3,2/29,2/29,4.22,25.33,36.0,0,0,-,-,-,-,-,-,-,-,-,-,-,-,-,-,-,-,-,-,-,-,-,-,-,-
-,-,-,-,-,-,-,-,-,-,-,-,45,18,504,377,7,2/35,2/35,4.49,53.86,72.0,0,0,30,15,162,183,5,2/32,2/32,6.78,36.6,32.4,0,0,-,-,-,-,-,-,-,-,-,-,-,-
-,-,-,-,-,-,-,-,-,-,-,-,5,5,207,192,6,3/49,3/49,5.57,32.0,34.5,0,0,5,5,84,82,5,3/17,3/17,5.86,16.4,16.8,0,0,-,-,-,-,-,-,-,-,-,-,-,-
-,-,-,-,-,-,-,-,-,-,-,-,1,1,48,38,1,1/38,1/38,4.75,38.0,48.0,0,0,2,2,18,20,3,3/11,3/11,6.67,6.67,6.0,0,0,-,-,-,-,-,-,-,-,-,-,-,-
-,-,-,-,-,-,-,-,-,-,-,-,10,10,423,387,14,3/40,3/40,5.49,27.64,30.21,0,0,5,5,85,91,5,2/11,2/11,6.42,18.2,17.0,0,0,-,-,-,-,-,-,-,-,-,-,-,-
-,-,-,-,-,-,-,-,-,-,-,-,47,46,2060,1814,59,4/24,4/24,5.28,30.75,34.92,0,0,33,28,580,734,34,3/14,3/14,7.59,21.59,17.06,0,0,-,-,-,-,-,-,-,-,-,-,-,-
-,-,-,-,-,-,-,-,-,-,-,-,14,-,-,-,-,-,-,-,-,-,-,-,1,-,-,-,-,-,-,-,-,-,-,-,-,-,-,-,-,-,-,-,-,-,-,-
34,-,-,-,-,-,-,-,-,-,-,-,51,-,-,-,-,-,-,-,-,-,-,-,2,-,-,-,-,-,-,-,-,-,-,-,-,-,-,-,-,-,-,-,-,-,-,-
-,-,-,-,-,-,-,-,-,-,-,-,52,1,6,12,0,0/12,0/12,12.0,0.0,0.0,0,0,29,-,-,-,-,-,-,-,-,-,-,-,-,-,-,-,-,-,-,-,-,-,-,-
-,-,-,-,-,-,-,-,-,-,-,-,10,-,-,-,-,-,-,-,-,-,-,-,7,-,-,-,-,-,-,-,-,-,-,-,-,-,-,-,-,-,-,-,-,-,-,-
-,-,-,-,-,-,-,-,-,-,-,-,24,7,102,113,3,1/6,1/6,6.65,37.67,34.0,0,0,3,1,6,5,0,0/5,0/5,5.0,0.0,0.0,0,0,-,-,-,-,-,-,-,-,-,-,-,-
-,-,-,-,-,-,-,-,-,-,-,-,-,-,-,-,-,-,-,-,-,-,-,-,3,3,60,65,1,1/24,1/24,6.5,65.0,60.0,0,0,-,-,-,-,-,-,-,-,-,-,-,-
-,-,-,-,-,-,-,-,-,-,-,-,21,21,989,762,26,3/25,3/25,4.62,29.31,38.04,0,0,17,17,334,438,16,3/21,3/21,7.87,27.38,20.88,0,0,-,-,-,-,-,-,-,-,-,-,-,-
-,-,-,-,-,-,-,-,-,-,-,-,44,44,2052,1535,55,6/41,6/41,4.49,27.91,37.31,1,0,14,14,278,351,16,3/11,3/11,7.58,21.94,17.38,0,0,-,-,-,-,-,-,-,-,-,-,-,-
-,-,-,-,-,-,-,-,-,-,-,-,37,1,12,11,0,0/11,0/11,5.5,0.0,0.0,0,0,46,1,12,17,0,0/17,0/17,8.5,0.0,0.0,0,0,-,-,-,-,-,-,-,-,-,-,-,-
-,-,-,-,-,-,-,-,-,-,-,-,-,-,-,-,-,-,-,-,-,-,-,-,3,-,-,-,-,-,-,-,-,-,-,-,-,-,-,-,-,-,-,-,-,-,-,-
-,-,-,-,-,-,-,-,-,-,-,-,-,-,-,-,-,-,-,-,-,-,-,-,2,-,-,-,-,-,-,-,-,-,-,-,-,-,-,-,-,-,-,-,-,-,-,-
-,-,-,-,-,-,-,-,-,-,-,-,-,-,-,-,-,-,-,-,-,-,-,-,5,-,-,-,-,-,-,-,-,-,-,-,-,-,-,-,-,-,-,-,-,-,-,-
-,-,-,-,-,-,-,-,-,-,-,-,35,35,1673,1139,48,4/15,4/15,4.08,23.73,34.85,0,0,47,37,684,740,31,4/7,4/7,6.49,23.87,22.06,0,0,-,-,-,-,-,-,-,-,-,-,-,-
-,-,-,-,-,-,-,-,-,-,-,-,-,-,-,-,-,-,-,-,-,-,-,-,9,5,54,67,1,1/6,1/6,7.44,67.0,54.0,0,0,-,-,-,-,-,-,-,-,-,-,-,-
-,-,-,-,-,-,-,-,-,-,-,-,34,34,1591,1265,42,5/15,5/15,4.77,30.12,37.88,1,0,40,39,722,795,46,4/11,4/11,6.61,17.28,15.7,0,0,-,-,-,-,-,-,-,-,-,-,-,-
-,-,-,-,-,-,-,-,-,-,-,-,-,-,-,-,-,-,-,-,-,-,-,-,18,11,186,222,9,3/18,3/18,7.16,24.67,20.67,0,0,-,-,-,-,-,-,-,-,-,-,-,-
-,-,-,-,-,-,-,-,-,-,-,-,2,2,84,62,2,2/35,2/35,4.43,31.0,42.0,0,0,16,15,309,374,8,1/13,1/13,7.26,46.75,38.62,0,0,-,-,-,-,-,-,-,-,-,-,-,-
-,-,-,-,-,-,-,-,-,-,-,-,1,1,8,8,0,0/8,0/8,6.0,0.0,0.0,0,0,5,5,63,71,2,1/20,1/20,6.76,35.5,31.5,0,0,-,-,-,-,-,-,-,-,-,-,-,-
-,-,-,-,-,-,-,-,-,-,-,-,-,-,-,-,-,-,-,-,-,-,-,-,2,2,36,32,3,2/17,2/17,5.33,10.67,12.0,0,0,-,-,-,-,-,-,-,-,-,-,-,-
-,-,-,-,-,-,-,-,-,-,-,-,-,-,-,-,-,-,-,-,-,-,-,-,10,10,227,334,8,3/37,3/37,8.83,41.75,28.38,0,0,-,-,-,-,-,-,-,-,-,-,-,-
-,-,-,-,-,-,-,-,-,-,-,-,25,20,634,579,17,3/43,3/43,5.48,34.06,37.29,0,0,37,37,624,757,25,4/23,4/23,7.28,30.28,24.96,0,0,-,-,-,-,-,-,-,-,-,-,-,-
-,-,-,-,-,-,-,-,-,-,-,-,13,3,24,31,0,0/8,0/8,7.75,0.0,0.0,0,0,2,-,-,-,-,-,-,-,-,-,-,-,-,-,-,-,-,-,-,-,-,-,-,-
-,-,-,-,-,-,-,-,-,-,-,-,5,2,15,25,0,0/1,0/1,10.0,0.0,0.0,0,0,3,-,-,-,-,-,-,-,-,-,-,-,-,-,-,-,-,-,-,-,-,-,-,-
-,-,-,-,-,-,-,-,-,-,-,-,19,-,-,-,-,-,-,-,-,-,-,-,8,-,-,-,-,-,-,-,-,-,-,-,-,-,-,-,-,-,-,-,-,-,-,-
-,-,-,-,-,-,-,-,-,-,-,-,24,18,445,413,7,3/27,3/27,5.57,59.0,63.57,0,0,8,6,90,94,7,2/13,2/13,6.27,13.43,12.86,0,0,-,-,-,-,-,-,-,-,-,-,-,-
19,2,18,11,0,0/2,0/2,3.67,0.0,0.0,0,0,55,3,66,63,0,0/4,0/4,5.73,0.0,0.0,0,0,7,-,-,-,-,-,-,-,-,-,-,-,-,-,-,-,-,-,-,-,-,-,-,-
-,-,-,-,-,-,-,-,-,-,-,-,16,3,66,63,2,2/40,2/40,5.73,31.5,33.0,0,0,12,5,66,71,1,1/18,1/18,6.45,71.0,66.0,0,0,-,-,-,-,-,-,-,-,-,-,-,-
-,-,-,-,-,-,-,-,-,-,-,-,23,16,409,351,10,4/28,4/28,5.15,35.1,40.9,0,0,11,5,59,83,2,2/23,2/23,8.44,41.5,29.5,0,0,-,-,-,-,-,-,-,-,-,-,-,-
-,-,-,-,-,-,-,-,-,-,-,-,33,32,1330,1095,32,3/25,3/25,4.94,34.22,41.56,0,0,18,15,300,382,9,2/19,2/19,7.64,42.44,33.33,0,0,-,-,-,-,-,-,-,-,-,-,-,-
-,-,-,-,-,-,-,-,-,-,-,-,4,3,113,95,3,2/58,2/58,5.04,31.67,37.67,0,0,-,-,-,-,-,-,-,-,-,-,-,-,-,-,-,-,-,-,-,-,-,-,-,-
-,-,-,-,-,-,-,-,-,-,-,-,23,-,-,-,-,-,-,-,-,-,-,-,4,-,-,-,-,-,-,-,-,-,-,-,-,-,-,-,-,-,-,-,-,-,-,-
-,-,-,-,-,-,-,-,-,-,-,-,11,-,-,-,-,-,-,-,-,-,-,-,7,-,-,-,-,-,-,-,-,-,-,-,-,-,-,-,-,-,-,-,-,-,-,-
-,-,-,-,-,-,-,-,-,-,-,-,32,32,1551,1348,44,3/19,3/19,5.21,30.64,35.25,0,0,17,17,323,411,27,4/19,4/19,7.63,15.22,11.96,0,0,-,-,-,-,-,-,-,-,-,-,-,-
-,-,-,-,-,-,-,-,-,-,-,-,4,2,72,48,2,1/13,1/13,4.0,24.0,36.0,0,0,1,-,-,-,-,-,-,-,-,-,-,-,-,-,-,-,-,-,-,-,-,-,-,-
-,-,-,-,-,-,-,-,-,-,-,-,6,5,121,128,1,1/59,1/59,6.35,128.0,121.0,0,0,5,3,54,58,2,2/16,2/16,6.44,29.0,27.0,0,0,-,-,-,-,-,-,-,-,-,-,-,-
-,-,-,-,-,-,-,-,-,-,-,-,62,-,-,-,-,-,-,-,-,-,-,-,9,-,-,-,-,-,-,-,-,-,-,-,-,-,-,-,-,-,-,-,-,-,-,-
-,-,-,-,-,-,-,-,-,-,-,-,1,-,-,-,-,-,-,-,-,-,-,-,4,-,-,-,-,-,-,-,-,-,-,-,-,-,-,-,-,-,-,-,-,-,-,-
-,-,-,-,-,-,-,-,-,-,-,-,8,-,-,-,-,-,-,-,-,-,-,-,14,-,-,-,-,-,-,-,-,-,-,-,-,-,-,-,-,-,-,-,-,-,-,-
-,-,-,-,-,-,-,-,-,-,-,-,1,-,-,-,-,-,-,-,-,-,-,-,-,-,-,-,-,-,-,-,-,-,-,-,-,-,-,-,-,-,-,-,-,-,-,-
-,-,-,-,-,-,-,-,-,-,-,-,2,-,-,-,-,-,-,-,-,-,-,-,-,-,-,-,-,-,-,-,-,-,-,-,-,-,-,-,-,-,-,-,-,-,-,-
-,-,-,-,-,-,-,-,-,-,-,-,-,-,-,-,-,-,-,-,-,-,-,-,3,3,54,82,3,2/40,2/40,9.11,27.33,18.0,0,0,-,-,-,-,-,-,-,-,-,-,-,-
-,-,-,-,-,-,-,-,-,-,-,-,-,-,-,-,-,-,-,-,-,-,-,-,2,2,24,32,2,2/18,2/18,8.0,16.0,12.0,0,0,-,-,-,-,-,-,-,-,-,-,-,-
-,-,-,-,-,-,-,-,-,-,-,-,6,6,252,223,5,2/26,2/26,5.31,44.6,50.4,0,0,1,1,18,30,0,0/30,0/30,10.0,0.0,0.0,0,0,-,-,-,-,-,-,-,-,-,-,-,-
-,-,-,-,-,-,-,-,-,-,-,-,1,1,36,31,0,0/31,0/31,5.17,0.0,0.0,0,0,12,12,234,274,7,1/12,1/12,7.03,39.14,33.43,0,0,-,-,-,-,-,-,-,-,-,-,-,-
-,-,-,-,-,-,-,-,-,-,-,-,5,5,204,190,6,3/26,3/26,5.59,31.67,34.0,0,0,8,8,179,220,11,3/14,3/14,7.37,20.0,16.27,0,0,-,-,-,-,-,-,-,-,-,-,-,-
-,-,-,-,-,-,-,-,-,-,-,-,2,2,47,47,4,4/38,4/38,6.0,11.75,11.75,0,0,-,-,-,-,-,-,-,-,-,-,-,-,-,-,-,-,-,-,-,-,-,-,-,-
-,-,-,-,-,-,-,-,-,-,-,-,25,24,1186,1029,36,5/68,5/68,5.21,28.58,32.94,1,0,4,4,73,106,1,1/24,1/24,8.71,106.0,73.0,0,0,-,-,-,-,-,-,-,-,-,-,-,-
-,-,-,-,-,-,-,-,-,-,-,-,42,41,1692,1389,45,4/26,4/26,4.93,30.87,37.6,0,0,11,11,210,250,10,3/36,3/36,7.14,25.0,21.0,0,0,-,-,-,-,-,-,-,-,-,-,-,-
-,-,-,-,-,-,-,-,-,-,-,-,1,1,36,50,2,2/50,2/50,8.33,25.0,18.0,0,0,5,1,12,24,0,0/24,0/24,12.0,0.0,0.0,0,0,-,-,-,-,-,-,-,-,-,-,-,-
-,-,-,-,-,-,-,-,-,-,-,-,32,31,1435,1067,36,3/15,3/15,4.46,29.64,39.86,0,0,5,5,108,91,4,2/19,2/19,5.06,22.75,27.0,0,0,-,-,-,-,-,-,-,-,-,-,-,-
-,-,-,-,-,-,-,-,-,-,-,-,2,2,120,94,2,1/37,1/37,4.7,47.0,60.0,0,0,3,3,57,47,3,3/16,3/16,4.95,15.67,19.0,0,0,-,-,-,-,-,-,-,-,-,-,-,-
-,-,-,-,-,-,-,-,-,-,-,-,22,1,6,9,0,0/9,0/9,9.0,0.0,0.0,0,0,34,-,-,-,-,-,-,-,-,-,-,-,-,-,-,-,-,-,-,-,-,-,-,-
-,-,-,-,-,-,-,-,-,-,-,-,8,-,-,-,-,-,-,-,-,-,-,-,16,2,18,31,0,0/12,0/12,10.33,0.0,0.0,0,0,-,-,-,-,-,-,-,-,-,-,-,-
-,-,-,-,-,-,-,-,-,-,-,-,10,3,110,79,7,4/10,4/10,4.31,11.29,15.71,0,0,45,24,378,482,11,2/9,2/9,7.65,43.82,34.36,0,0,-,-,-,-,-,-,-,-,-,-,-,-
-,-,-,-,-,-,-,-,-,-,-,-,19,19,734,681,16,2/26,2/26,5.57,42.56,45.88,0,0,49,49,983,1179,58,3/10,3/10,7.2,20.33,16.95,0,0,-,-,-,-,-,-,-,-,-,-,-,-
-,-,-,-,-,-,-,-,-,-,-,-,20,6,145,119,4,1/11,1/11,4.92,29.75,36.25,0,0,53,5,84,83,4,3/19,3/19,5.93,20.75,21.0,0,0,-,-,-,-,-,-,-,-,-,-,-,-
-,-,-,-,-,-,-,-,-,-,-,-,20,19,852,600,19,3/20,3/20,4.23,31.58,44.84,0,0,21,21,426,509,19,2/8,2/8,7.17,26.79,22.42,0,0,-,-,-,-,-,-,-,-,-,-,-,-
-,-,-,-,-,-,-,-,-,-,-,-,18,7,337,167,14,3/22,3/22,2.97,11.93,24.07,0,0,20,13,198,264,5,3/6,3/6,8.0,52.8,39.6,0,0,-,-,-,-,-,-,-,-,-,-,-,-
-,-,-,-,-,-,-,-,-,-,-,-,9,-,-,-,-,-,-,-,-,-,-,-,17,-,-,-,-,-,-,-,-,-,-,-,-,-,-,-,-,-,-,-,-,-,-,-
-,-,-,-,-,-,-,-,-,-,-,-,11,-,-,-,-,-,-,-,-,-,-,-,10,-,-,-,-,-,-,-,-,-,-,-,-,-,-,-,-,-,-,-,-,-,-,-
-,-,-,-,-,-,-,-,-,-,-,-,10,-,-,-,-,-,-,-,-,-,-,-,22,-,-,-,-,-,-,-,-,-,-,-,-,-,-,-,-,-,-,-,-,-,-,-
-,-,-,-,-,-,-,-,-,-,-,-,15,15,807,594,29,4/33,4/33,4.42,20.48,27.83,0,0,33,33,726,740,41,4/24,4/24,6.12,18.05,17.71,0,0,-,-,-,-,-,-,-,-,-,-,-,-
-,-,-,-,-,-,-,-,-,-,-,-,25,25,1327,931,38,4/26,4/26,4.21,24.5,34.92,0,0,24,24,495,546,25,4/21,4/21,6.62,21.84,19.8,0,0,-,-,-,-,-,-,-,-,-,-,-,-
-,-,-,-,-,-,-,-,-,-,-,-,6,6,229,208,5,2/49,2/49,5.45,41.6,45.8,0,0,5,5,81,116,3,2/29,2/29,8.59,38.67,27.0,0,0,-,-,-,-,-,-,-,-,-,-,-,-
-,-,-,-,-,-,-,-,-,-,-,-,2,-,-,-,-,-,-,-,-,-,-,-,-,-,-,-,-,-,-,-,-,-,-,-,-,-,-,-,-,-,-,-,-,-,-,-
-,-,-,-,-,-,-,-,-,-,-,-,2,-,-,-,-,-,-,-,-,-,-,-,-,-,-,-,-,-,-,-,-,-,-,-,-,-,-,-,-,-,-,-,-,-,-,-
-,-,-,-,-,-,-,-,-,-,-,-,1,1,6,7,0,0/7,0/7,7.0,0.0,0.0,0,0,-,-,-,-,-,-,-,-,-,-,-,-,-,-,-,-,-,-,-,-,-,-,-,-
-,-,-,-,-,-,-,-,-,-,-,-,1,-,-,-,-,-,-,-,-,-,-,-,-,-,-,-,-,-,-,-,-,-,-,-,-,-,-,-,-,-,-,-,-,-,-,-
-,-,-,-,-,-,-,-,-,-,-,-,2,2,60,69,1,1/26,1/26,6.9,69.0,60.0,0,0,-,-,-,-,-,-,-,-,-,-,-,-,-,-,-,-,-,-,-,-,-,-,-,-
-,-,-,-,-,-,-,-,-,-,-,-,2,-,-,-,-,-,-,-,-,-,-,-,-,-,-,-,-,-,-,-,-,-,-,-,-,-,-,-,-,-,-,-,-,-,-,-
5,2,10,5,1,1/4,1/4,3.0,5.0,10.0,0,0,12,2,72,74,0,0/8,0/8,6.17,0.0,0.0,0,0,-,-,-,-,-,-,-,-,-,-,-,-,-,-,-,-,-,-,-,-,-,-,-,-
-,-,-,-,-,-,-,-,-,-,-,-,2,-,-,-,-,-,-,-,-,-,-,-,-,-,-,-,-,-,-,-,-,-,-,-,-,-,-,-,-,-,-,-,-,-,-,-
-,-,-,-,-,-,-,-,-,-,-,-,1,-,-,-,-,-,-,-,-,-,-,-,-,-,-,-,-,-,-,-,-,-,-,-,-,-,-,-,-,-,-,-,-,-,-,-
-,-,-,-,-,-,-,-,-,-,-,-,2,2,59,69,0,0/6,0/6,7.02,0.0,0.0,0,0,-,-,-,-,-,-,-,-,-,-,-,-,-,-,-,-,-,-,-,-,-,-,-,-
-,-,-,-,-,-,-,-,-,-,-,-,2,2,78,63,1,1/37,1/37,4.85,63.0,78.0,0,0,-,-,-,-,-,-,-,-,-,-,-,-,-,-,-,-,-,-,-,-,-,-,-,-
-,-,-,-,-,-,-,-,-,-,-,-,2,1,24,52,1,1/52,1/52,13.0,52.0,24.0,0,0,-,-,-,-,-,-,-,-,-,-,-,-,-,-,-,-,-,-,-,-,-,-,-,-
-,-,-,-,-,-,-,-,-,-,-,-,2,1,60,76,2,2/76,2/76,7.6,38.0,30.0,0,0,-,-,-,-,-,-,-,-,-,-,-,-,-,-,-,-,-,-,-,-,-,-,-,-
-,-,-,-,-,-,-,-,-,-,-,-,29,22,637,501,14,3/11,3/11,4.72,35.79,45.5,0,0,31,10,96,130,3,2/18,2/18,8.12,43.33,32.0,0,0,-,-,-,-,-,-,-,-,-,-,-,-
-,-,-,-,-,-,-,-,-,-,-,-,34,1,6,2,1,1/2,1/2,2.0,2.0,6.0,0,0,14,-,-,-,-,-,-,-,-,-,-,-,-,-,-,-,-,-,-,-,-,-,-,-
-,-,-,-,-,-,-,-,-,-,-,-,1,-,-,-,-,-,-,-,-,-,-,-,-,-,-,-,-,-,-,-,-,-,-,-,-,-,-,-,-,-,-,-,-,-,-,-
-,-,-,-,-,-,-,-,-,-,-,-,5,4,120,79,2,2/37,2/37,3.95,39.5,60.0,0,0,8,5,72,74,3,1/5,1/5,6.17,24.67,24.0,0,0,-,-,-,-,-,-,-,-,-,-,-,-
-,-,-,-,-,-,-,-,-,-,-,-,39,2,24,34,0,0/8,0/8,8.5,0.0,0.0,0,0,9,-,-,-,-,-,-,-,-,-,-,-,-,-,-,-,-,-,-,-,-,-,-,-
-,-,-,-,-,-,-,-,-,-,-,-,1,-,-,-,-,-,-,-,-,-,-,-,-,-,-,-,-,-,-,-,-,-,-,-,-,-,-,-,-,-,-,-,-,-,-,-
-,-,-,-,-,-,-,-,-,-,-,-,22,-,-,-,-,-,-,-,-,-,-,-,43,-,-,-,-,-,-,-,-,-,-,-,-,-,-,-,-,-,-,-,-,-,-,-
-,-,-,-,-,-,-,-,-,-,-,-,-,-,-,-,-,-,-,-,-,-,-,-,11,7,60,79,3,1/9,1/9,7.9,26.33,20.0,0,0,-,-,-,-,-,-,-,-,-,-,-,-
-,-,-,-,-,-,-,-,-,-,-,-,12,11,366,306,3,1/21,1/21,5.02,102.0,122.0,0,0,25,19,300,325,13,2/8,2/8,6.5,25.0,23.08,0,0,-,-,-,-,-,-,-,-,-,-,-,-
-,-,-,-,-,-,-,-,-,-,-,-,58,51,1979,1619,46,4/32,4/32,4.91,35.2,43.02,0,0,41,29,514,585,17,2/19,2/19,6.83,34.41,30.24,0,0,-,-,-,-,-,-,-,-,-,-,-,-
-,-,-,-,-,-,-,-,-,-,-,-,20,3,43,39,0,0/8,0/8,5.44,0.0,0.0,0,0,58,9,76,119,3,1/7,1/7,9.39,39.67,25.33,0,0,-,-,-,-,-,-,-,-,-,-,-,-
-,-,-,-,-,-,-,-,-,-,-,-,1,-,-,-,-,-,-,-,-,-,-,-,-,-,-,-,-,-,-,-,-,-,-,-,-,-,-,-,-,-,-,-,-,-,-,-
-,-,-,-,-,-,-,-,-,-,-,-,37,13,331,329,11,3/16,3/16,5.96,29.91,30.09,0,0,14,2,14,15,1,1/14,1/14,6.43,15.0,14.0,0,0,-,-,-,-,-,-,-,-,-,-,-,-
-,-,-,-,-,-,-,-,-,-,-,-,13,-,-,-,-,-,-,-,-,-,-,-,57,-,-,-,-,-,-,-,-,-,-,-,-,-,-,-,-,-,-,-,-,-,-,-
-,-,-,-,-,-,-,-,-,-,-,-,5,3,102,86,5,3/29,3/29,5.06,17.2,20.4,0,0,-,-,-,-,-,-,-,-,-,-,-,-,-,-,-,-,-,-,-,-,-,-,-,-
-,-,-,-,-,-,-,-,-,-,-,-,9,9,402,299,13,4/37,4/37,4.46,23.0,30.92,0,0,19,18,328,347,17,3/8,3/8,6.35,20.41,19.29,0,0,-,-,-,-,-,-,-,-,-,-,-,-
-,-,-,-,-,-,-,-,-,-,-,-,57,57,2609,2035,57,4/15,4/15,4.68,35.7,45.77,0,0,75,63,1108,1269,58,4/19,4/19,6.87,21.88,19.1,0,0,-,-,-,-,-,-,-,-,-,-,-,-
-,-,-,-,-,-,-,-,-,-,-,-,8,8,324,194,12,5/24,5/24,3.59,16.17,27.0,1,0,40,40,755,918,42,3/9,3/9,7.3,21.86,17.98,0,0,-,-,-,-,-,-,-,-,-,-,-,-
-,-,-,-,-,-,-,-,-,-,-,-,16,16,825,685,19,3/27,3/27,4.98,36.05,43.42,0,0,51,50,997,1070,56,4/35,4/35,6.44,19.11,17.8,0,0,21,21,443,498,21,3/20,3/20,6.74,23.71,21.1,0,0
-,-,-,-,-,-,-,-,-,-,-,-,-,-,-,-,-,-,-,-,-,-,-,-,2,-,-,-,-,-,-,-,-,-,-,-,-,-,-,-,-,-,-,-,-,-,-,-
-,-,-,-,-,-,-,-,-,-,-,-,34,3,30,37,0,0/4,0/4,7.4,0.0,0.0,0,0,40,3,34,49,2,1/3,1/3,8.65,24.5,17.0,0,0,-,-,-,-,-,-,-,-,-,-,-,-
-,-,-,-,-,-,-,-,-,-,-,-,3,-,-,-,-,-,-,-,-,-,-,-,31,-,-,-,-,-,-,-,-,-,-,-,-,-,-,-,-,-,-,-,-,-,-,-
-,-,-,-,-,-,-,-,-,-,-,-,12,11,471,409,12,3/38,3/38,5.21,34.08,39.25,0,0,29,28,553,698,42,5/19,5/19,7.57,16.62,13.17,1,0,-,-,-,-,-,-,-,-,-,-,-,-
-,-,-,-,-,-,-,-,-,-,-,-,46,46,2036,1601,57,3/17,3/17,4.72,28.09,35.72,0,0,36,34,692,769,41,4/7,4/7,6.67,18.76,16.88,0,0,-,-,-,-,-,-,-,-,-,-,-,-
-,-,-,-,-,-,-,-,-,-,-,-,16,16,704,595,18,3/21,3/21,5.07,33.06,39.11,0,0,9,9,184,302,8,2/44,2/44,9.85,37.75,23.0,0,0,-,-,-,-,-,-,-,-,-,-,-,-
-,-,-,-,-,-,-,-,-,-,-,-,17,17,854,774,22,4/56,4/56,5.44,35.18,38.82,0,0,22,21,376,492,21,4/27,4/27,7.85,23.43,17.9,0,0,-,-,-,-,-,-,-,-,-,-,-,-
-,-,-,-,-,-,-,-,-,-,-,-,8,8,336,276,9,2/28,2/28,4.93,30.67,37.33,0,0,56,56,1165,1358,64,4/11,4/11,6.99,21.22,18.2,0,0,-,-,-,-,-,-,-,-,-,-,-,-
-,-,-,-,-,-,-,-,-,-,-,-,-,-,-,-,-,-,-,-,-,-,-,-,2,2,42,30,3,2/22,2/22,4.29,10.0,14.0,0,0,-,-,-,-,-,-,-,-,-,-,-,-
-,-,-,-,-,-,-,-,-,-,-,-,30,30,1294,1009,33,4/23,4/23,4.68,30.58,39.21,0,0,7,6,138,146,6,3/23,3/23,6.35,24.33,23.0,0,0,-,-,-,-,-,-,-,-,-,-,-,-
-,-,-,-,-,-,-,-,-,-,-,-,3,2,22,51,1,1/32,1/32,13.91,51.0,22.0,0,0,-,-,-,-,-,-,-,-,-,-,-,-,-,-,-,-,-,-,-,-,-,-,-,-
6,2,18,17,0,0/1,0/1,5.67,0.0,0.0,0,0,114,7,139,91,3,1/1,1/1,3.93,30.33,46.33,0,0,75,1,4,4,1,1/4,1/4,0.0,4.0,4.0,0,0,-,-,-,-,-,-,-,-,-,-,-,-
5,-,-,-,-,-,-,-,-,-,-,-,53,2,18,25,0,0/8,0/8,8.33,0.0,0.0,0,0,6,-,-,-,-,-,-,-,-,-,-,-,-,-,-,-,-,-,-,-,-,-,-,-
-,-,-,-,-,-,-,-,-,-,-,-,16,-,-,-,-,-,-,-,-,-,-,-,34,-,-,-,-,-,-,-,-,-,-,-,-,-,-,-,-,-,-,-,-,-,-,-
-,-,-,-,-,-,-,-,-,-,-,-,82,2,30,30,0,0/9,0/9,6.0,0.0,0.0,0,0,86,-,-,-,-,-,-,-,-,-,-,-,-,-,-,-,-,-,-,-,-,-,-,-
-,-,-,-,-,-,-,-,-,-,-,-,51,-,-,-,-,-,-,-,-,-,-,-,19,-,-,-,-,-,-,-,-,-,-,-,-,-,-,-,-,-,-,-,-,-,-,-
6,1,18,9,0,0/9,0/9,3.0,0.0,0.0,0,0,88,27,530,514,14,5/32,5/32,5.82,36.71,37.86,1,0,-,-,-,-,-,-,-,-,-,-,-,-,-,-,-,-,-,-,-,-,-,-,-,-
-,-,-,-,-,-,-,-,-,-,-,-,84,65,2111,1729,45,4/31,4/31,4.91,38.42,46.91,0,0,64,37,610,663,27,5/13,5/13,6.52,24.56,22.59,1,0,-,-,-,-,-,-,-,-,-,-,-,-
-,-,-,-,-,-,-,-,-,-,-,-,75,69,2523,2278,64,6/43,6/43,5.42,35.59,39.42,1,0,54,36,529,731,20,2/19,2/19,8.29,36.55,26.45,0,0,-,-,-,-,-,-,-,-,-,-,-,-
3,5,546,254,8,3/36,4/95,2.79,31.75,68.25,0,0,136,131,6477,4628,144,4/30,4/30,4.29,32.14,44.98,0,0,103,99,1936,2360,84,4/10,4/10,7.31,28.1,23.05,0,0,17,17,343,408,13,4/11,4/11,7.14,31.38,26.38,0,0
5,9,1534,760,34,7/137,11/104,2.97,22.35,45.12,4,2,86,81,4349,3024,163,7/18,7/18,4.17,18.55,26.68,4,0,74,74,1682,1754,122,5/3,5/3,6.26,14.38,13.79,2,0,92,92,2195,2333,112,4/24,4/24,6.38,20.83,19.6,0,0
2,-,-,-,-,-,-,-,-,-,-,-,84,-,-,-,-,-,-,-,-,-,-,-,69,-,-,-,-,-,-,-,-,-,-,-,-,-,-,-,-,-,-,-,-,-,-,-
-,-,-,-,-,-,-,-,-,-,-,-,27,27,1257,1033,41,4/25,4/25,4.93,25.2,30.66,0,0,12,12,245,324,11,2/23,2/23,7.93,29.45,22.27,0,0,-,-,-,-,-,-,-,-,-,-,-,-
-,-,-,-,-,-,-,-,-,-,-,-,82,80,3769,3423,115,4/22,4/22,5.45,29.77,32.77,0,0,33,33,717,945,40,4/44,4/44,7.91,23.62,17.93,0,0,-,-,-,-,-,-,-,-,-,-,-,-
-,-,-,-,-,-,-,-,-,-,-,-,38,37,1734,1331,59,5/45,5/45,4.61,22.56,29.39,1,0,25,25,544,580,35,4/22,4/22,6.4,16.57,15.54,0,0,-,-,-,-,-,-,-,-,-,-,-,-
1,1,90,75,1,1/75,1/75,5.0,75.0,90.0,0,0,55,54,2889,1956,79,5/50,5/50,4.06,24.76,36.57,1,0,36,36,804,834,49,5/20,5/20,6.22,17.02,16.41,1,0,19,19,434,592,19,3/27,3/27,8.18,31.16,22.84,0,0
3,-,-,-,-,-,-,-,-,-,-,-,62,7,135,111,1,1/19,1/19,4.93,111.0,135.0,0,0,72,1,6,12,0,0/12,0/12,12.0,0.0,0.0,0,0,-,-,-,-,-,-,-,-,-,-,-,-
18,1,12,9,0,0/0,0/0,4.50,,,0,0,54,-,-,-,-,-,-,-,-,-,-,-,2,-,-,-,-,-,-,-,-,-,-,-,-,-,-,-,-,-,-,-,-,-,-,-
44,7,66,31,2,1/1,1/2,2.82,15.50,33.00,0,0,92,-,-,-,-,-,-,-,-,-,-,-,99,-,-,-,-,-,-,-,-,-,-,-,-,-,-,-,-,-,-,-,-,-,-,-
-,-,-,-,-,-,-,-,-,-,-,-,21,1,5,9,0,0/9,0/9,0.0,0.0,0.0,0,0,55,-,-,-,-,-,-,-,-,-,-,-,-,-,-,-,-,-,-,-,-,-,-,-
16,17,630,294,13,3/1,3/35,2.8,22.62,48.46,0,0,42,21,642,613,11,3/45,3/45,5.73,55.73,58.36,0,0,14,-,-,-,-,-,-,-,-,-,-,-,-,-,-,-,-,-,-,-,-,-,-,-
55,77,4067,1808,53,4/16,4/48,2.67,34.11,76.74,0,0,218,177,7733,5401,139,4/41,4/41,4.19,38.86,55.63,0,0,119,79,1261,1388,61,4/10,4/10,6.6,22.75,20.67,0,0,8,4,60,68,2,1/8,1/8,6.8,34.0,30.0,0,0
35,43,2712,1519,32,4/33,7/59,3.36,47.47,84.75,0,0,287,217,7958,6192,158,4/19,4/19,4.67,39.19,50.37,0,0,124,50,570,675,28,2/7,2/7,7.11,24.11,20.36,0,0,7,5,51,85,2,1/6,1/6,10.0,42.5,25.5,0,0
6,11,954,513,14,3/31,4/80,3.23,36.64,68.14,0,0,53,51,2610,2215,70,4/28,4/28,5.09,31.64,37.29,0,0,84,80,1795,2105,98,4/8,4/8,7.04,21.48,18.32,0,0,-,-,-,-,-,-,-,-,-,-,-,-
-,-,-,-,-,-,-,-,-,-,-,-,55,53,2403,1957,44,5/14,5/14,4.89,44.48,54.61,1,0,58,57,1224,1292,55,5/14,5/14,6.33,23.49,22.25,1,0,-,-,-,-,-,-,-,-,-,-,-,-
49,-,-,-,-,-,-,-,-,-,-,-,117,1,12,15,0,0/15,0/15,7.5,0.0,0.0,0,0,61,-,-,-,-,-,-,-,-,-,-,-,-,-,-,-,-,-,-,-,-,-,-,-
27,49,5018,2864,83,5/63,7/134,3.42,34.51,60.46,2,0,91,90,4327,4117,120,5/46,5/46,5.71,34.31,36.06,1,0,36,35,710,971,34,3/18,3/18,8.21,28.56,20.88,0,0,-,-,-,-,-,-,-,-,-,-,-,-
25,42,4858,2462,99,6/51,10/94,3.04,24.87,49.07,4,1,32,31,1611,1480,62,6/35,6/35,5.51,23.87,25.98,2,0,47,47,1035,1298,58,4/22,4/22,7.52,22.38,17.84,0,0,-,-,-,-,-,-,-,-,-,-,-,-
21,40,3696,1892,77,5/27,10/114,3.07,24.57,48.0,6,1,60,58,2882,2763,91,5/34,5/34,5.75,30.36,31.67,4,0,50,49,1015,1414,60,4/18,4/18,8.36,23.57,16.92,0,0,-,-,-,-,-,-,-,-,-,-,-,-
-,-,-,-,-,-,-,-,-,-,-,-,8,8,426,455,12,5/26,5/26,6.41,37.92,35.5,1,0,27,26,606,853,25,3/37,3/37,8.45,34.12,24.24,0,0,-,-,-,-,-,-,-,-,-,-,-,-
36,67,7619,3627,119,6/44,7/64,2.86,30.48,64.03,4,0,61,60,3013,2400,81,5/30,5/30,4.78,29.63,37.2,1,0,50,50,1079,1263,59,4/13,4/13,7.02,21.41,18.29,0,0,-,-,-,-,-,-,-,-,-,-,-,-
44,5,84,51,0,0/5,0/5,3.64,0.0,0.0,0,0,127,4,104,94,3,2/36,2/36,5.42,31.33,34.67,0,0,26,-,-,-,-,-,-,-,-,-,-,-,-,-,-,-,-,-,-,-,-,-,-,-
82,14,308,199,2,1/12,1/12,3.88,99.5,154.0,0,0,34,2,16,18,0,0/7,0/7,6.75,0.0,0.0,0,0,-,-,-,-,-,-,-,-,-,-,-,-,-,-,-,-,-,-,-,-,-,-,-,-
-,-,-,-,-,-,-,-,-,-,-,-,26,-,-,-,-,-,-,-,-,-,-,-,32,-,-,-,-,-,-,-,-,-,-,-,-,-,-,-,-,-,-,-,-,-,-,-
100,83,3930,1766,33,4/44,4/60,2.7,53.52,119.09,0,0,218,158,5191,4003,120,6/20,6/20,4.63,33.36,43.26,1,0,78,61,1029,1200,38,3/16,3/16,7.0,31.58,27.08,0,0,49,44,791,1079,27,4/19,4/19,8.18,39.96,29.3,0,0
45,67,3171,1770,33,3/25,5/51,3.35,53.64,96.09,0,0,63,53,1622,1369,35,3/32,3/32,5.06,39.11,46.34,0,0,33,20,247,276,12,2/22,2/22,6.7,23.0,20.58,0,0,-,-,-,-,-,-,-,-,-,-,-,-
5,9,413,257,11,3/25,5/51,3.73,23.36,37.55,0,0,27,21,601,547,9,2/27,2/27,5.46,60.78,66.78,0,0,22,13,138,206,8,2/17,2/17,8.96,25.75,17.25,0,0,-,-,-,-,-,-,-,-,-,-,-,-
6,8,954,653,11,4/63,4/151,4.11,59.36,86.73,0,0,166,157,5900,5740,175,6/44,6/44,5.84,32.8,33.71,4,0,84,67,1102,1717,51,3/24,3/24,9.35,33.67,21.61,0,0,37,36,698,1016,31,3/20,3/20,8.73,32.77,22.52,0,0
-,-,-,-,-,-,-,-,-,-,-,-,21,21,909,950,18,3/82,3/82,6.27,52.78,50.5,0,0,35,32,631,915,27,3/11,3/11,8.7,33.89,23.37,0,0,10,10,174,282,8,2/41,2/41,9.72,35.25,21.75,0,0
-,-,-,-,-,-,-,-,-,-,-,-,58,49,1404,1204,28,3/15,3/15,5.15,43.0,50.14,0,0,22,14,210,249,12,3/24,3/24,7.11,20.75,17.5,0,0,3,2,30,36,1,1/16,1/16,7.2,36.0,30.0,0,0
22,-,-,-,-,-,-,-,-,-,-,-,107,-,-,-,-,-,-,-,-,-,-,-,60,-,-,-,-,-,-,-,-,-,-,-,2,-,-,-,-,-,-,-,-,-,-,-
54,9,132,118,1,1/10,1/18,5.36,118.0,132.0,0,0,90,2,20,28,0,0/13,0/13,8.4,0.0,0.0,0,0,49,-,-,-,-,-,-,-,-,-,-,-,-,-,-,-,-,-,-,-,-,-,-,-
70,122,12437,6229,171,5/47,7/80,3.01,36.43,72.73,4,0,86,84,3881,3534,109,4/13,4/13,5.46,32.42,35.61,0,0,11,11,208,330,8,2/26,2/26,9.52,41.25,26.0,0,0,-,-,-,-,-,-,-,-,-,-,-,-
30,59,5209,3349,101,5/50,9/210,3.86,33.16,51.57,3,0,226,220,10936,9759,338,6/38,6/38,5.35,28.87,32.36,8,0,84,83,1799,2225,107,5/6,5/6,7.42,20.79,16.81,2,0,122,122,2827,3365,170,5/13,5/13,7.14,19.79,16.63,1,0
1,1,60,68,2,2/68,2/68,6.8,34.0,30.0,0,0,19,18,816,743,25,4/10,4/10,5.46,29.72,32.64,0,0,14,14,296,395,7,2/26,2/26,8.01,56.43,42.29,0,0,-,-,-,-,-,-,-,-,-,-,-,-
28,53,5077,3003,70,6/132,7/180,3.55,42.9,72.53,1,0,49,47,2345,2339,63,4/31,4/31,5.98,37.13,37.22,0,0,16,16,278,436,15,4/25,4/25,9.41,29.07,18.53,0,0,-,-,-,-,-,-,-,-,-,-,-,-
16,-,-,-,-,-,-,-,-,-,-,-,248,-,-,-,-,-,-,-,-,-,-,-,115,-,-,-,-,-,-,-,-,-,-,-,83,-,-,-,-,-,-,-,-,-,-,-
126,121,4166,2249,47,5/8,5/33,3.24,47.85,88.64,1,0,158,69,1553,1494,26,3/52,3/52,5.77,57.46,59.73,0,0,32,9,84,139,6,2/9,2/9,9.93,23.17,14.0,0,0,-,-,-,-,-,-,-,-,-,-,-,-
5,-,-,-,-,-,-,-,-,-,-,-,110,-,-,-,-,-,-,-,-,-,-,-,64,-,-,-,-,-,-,-,-,-,-,-,13,-,-,-,-,-,-,-,-,-,-,-
1,-,-,-,-,-,-,-,-,-,-,-,12,7,150,145,6,2/30,2/30,5.8,24.17,25.0,0,0,29,20,300,405,15,3/17,3/17,8.1,27.0,20.0,0,0,23,13,144,215,6,3/27,3/27,8.96,35.83,24.0,0,0
22,8,222,131,2,2/33,2/33,3.54,65.5,111.0,0,0,12,2,15,17,1,1/5,1/5,6.8,17.0,15.0,0,0,55,1,12,27,1,1/27,1/27,13.5,27.0,12.0,0,0,1,-,-,-,-,-,-,-,-,-,-,-
64,112,11854,7149,195,6/53,10/112,3.62,36.66,60.79,5,1,123,113,5370,4718,95,4/46,4/46,5.27,49.66,56.53,0,0,71,55,775,1081,40,3/24,3/24,8.37,27.02,19.38,0,0,44,37,554,627,24,3/7,3/7,6.79,26.12,23.08,0,0
88,139,11195,6156,193,6/22,8/161,3.3,31.9,58.01,4,0,105,88,3110,3137,74,5/61,5/61,6.05,42.39,42.03,1,0,43,36,612,856,26,3/26,3/26,8.39,32.92,23.54,0,0,43,37,683,974,28,3/15,3/15,8.56,34.79,24.39,0,0
45,85,7889,3996,130,6/17,11/102,3.04,30.74,60.68,4,1,108,104,5136,4671,157,6/45,6/45,5.46,29.75,32.71,3,0,26,26,519,680,27,3/4,3/4,7.86,25.19,19.22,0,0,21,21,440,658,30,3/6,3/6,8.97,21.93,14.67,0,0
2,3,396,200,2,1/65,1/82,3.03,100.0,198.0,0,0,28,28,1308,1290,34,5/35,5/35,5.92,37.94,38.47,1,0,30,29,588,907,29,4/36,4/36,9.26,31.28,20.28,0,0,13,13,238,430,13,3/29,3/29,10.84,33.08,18.31,0,0
-,-,-,-,-,-,-,-,-,-,-,-,3,3,114,97,4,3/44,3/44,5.11,24.25,28.5,0,0,9,5,78,117,2,1/10,1/10,9.0,58.5,39.0,0,0,-,-,-,-,-,-,-,-,-,-,-,-
24,42,3091,1669,47,4/58,5/92,3.24,35.51,65.77,0,0,18,18,724,721,16,5/48,5/48,5.98,45.06,45.25,1,0,35,35,694,892,41,5/10,5/10,7.71,21.76,16.93,1,0,32,31,648,995,32,4/11,4/11,9.21,31.09,20.25,0,0
89,-,-,-,-,-,-,-,-,-,-,-,95,-,-,-,-,-,-,-,-,-,-,-,66,-,-,-,-,-,-,-,-,-,-,-,39,-,-,-,-,-,-,-,-,-,-,-
57,-,-,-,-,-,-,-,-,-,-,-,159,-,-,-,-,-,-,-,-,-,-,-,103,-,-,-,-,-,-,-,-,-,-,-,82,-,-,-,-,-,-,-,-,-,-,-
3,-,-,-,-,-,-,-,-,-,-,-,28,-,-,-,-,-,-,-,-,-,-,-,37,-,-,-,-,-,-,-,-,-,-,-,30,-,-,-,-,-,-,-,-,-,-,-
19,34,3816,2390,60,5/49,7/178,3.76,39.83,63.6,2,0,119,113,5939,5586,169,5/27,5/27,5.64,33.05,35.14,2,0,92,88,1922,2378,93,4/2,4/2,7.42,25.57,20.67,0,0,1,1,18,35,0,0/35,0/35,11.67,0.0,0.0,0,0
27,48,4734,2617,82,6/37,9/100,3.32,31.91,57.73,3,0,57,56,2903,2643,69,4/33,4/33,5.46,38.3,42.07,0,0,27,26,585,813,44,3/9,3/9,8.34,18.48,13.3,0,0,1,1,24,49,0,0/49,0/49,12.25,0.0,0.0,0,0
13,24,2609,1304,42,6/45,8/85,3.0,31.05,62.12,3,0,17,17,911,720,30,3/27,3/27,4.74,24.0,30.37,0,0,12,12,282,371,14,4/33,4/33,7.89,26.5,20.14,0,0,35,35,825,981,46,3/15,3/15,7.13,21.33,17.93,0,0
3,5,358,194,10,3/29,4/68,3.25,19.4,35.8,0,0,6,5,216,232,5,4/85,4/85,6.44,46.4,43.2,0,0,1,1,24,36,0,0/36,0/36,9.0,0.0,0.0,0,0,-,-,-,-,-,-,-,-,-,-,-,-
-,-,-,-,-,-,-,-,-,-,-,-,20,20,914,770,33,6/24,6/24,5.05,23.33,27.7,1,0,22,22,469,649,22,3/22,3/22,8.3,29.5,21.32,0,0,-,-,-,-,-,-,-,-,-,-,-,-
8,16,1530,752,21,4/18,7/50,2.95,35.81,72.86,0,0,35,35,1660,1660,46,5/29,5/29,6.0,36.09,36.09,1,0,84,83,1769,2570,95,4/6,4/6,8.72,27.05,18.62,0,0,28,28,536,833,27,4/11,4/11,9.32,30.85,19.85,0,0
69,5,78,69,0,0/1,0/1,5.31,0.0,0.0,0,0,143,11,192,189,2,1/8,1/8,5.91,94.5,96.0,0,0,50,2,8,3,0,0/0,0/0,2.25,0.0,0.0,0,0,116,1,6,16,0,0/16,0/16,16.0,0.0,0.0,0,0
-,-,-,-,-,-,-,-,-,-,-,-,149,-,-,-,-,-,-,-,-,-,-,-,111,-,-,-,-,-,-,-,-,-,-,-,105,-,-,-,-,-,-,-,-,-,-,-
33,12,248,130,2,2/27,2/27,3.15,65.0,124.0,0,0,44,15,444,402,11,2/18,2/18,5.43,36.55,40.36,0,0,31,12,138,169,7,3/21,3/21,7.35,24.14,19.71,0,0,20,6,60,87,1,1/8,1/8,8.7,87.0,60.0,0,0
17,-,-,-,-,-,-,-,-,-,-,-,38,1,6,3,1,1/3,1/3,3.0,3.0,6.0,0,0,41,-,-,-,-,-,-,-,-,-,-,-,3,-,-,-,-,-,-,-,-,-,-,-
46,57,2703,1601,42,4/47,4/51,3.55,38.12,64.36,0,0,199,135,3513,3143,69,4/16,4/16,5.37,45.55,50.91,0,0,81,41,463,599,21,3/18,3/18,7.76,28.52,22.05,0,0,83,49,678,834,23,4/17,4/17,7.38,36.26,29.48,0,0
4,8,250,147,11,3/13,5/25,3.53,13.36,22.73,0,0,74,69,2869,2743,87,4/22,4/22,5.74,31.53,32.98,0,0,38,35,670,971,45,4/24,4/24,8.7,21.58,14.89,0,0,-,-,-,-,-,-,-,-,-,-,-,-
3,6,480,252,7,2/26,3/82,3.15,36.0,68.57,0,0,27,26,1144,947,35,4/36,4/36,4.97,27.06,32.69,0,0,30,27,504,696,35,5/17,5/17,8.29,19.89,14.4,1,0,6,6,126,210,6,2/30,2/30,10.0,35.0,21.0,0,0
4,8,623,459,12,3/38,5/45,4.42,38.25,51.92,0,0,42,40,1894,1756,48,4/31,4/31,5.56,36.58,39.46,0,0,23,23,498,697,34,4/27,4/27,8.4,20.5,14.65,0,0,81,81,1720,2295,95,4/23,4/23,8.01,24.16,18.11,0,0
54,-,-,-,-,-,-,-,-,-,-,-,135,-,-,-,-,-,-,-,-,-,-,-,77,-,-,-,-,-,-,-,-,-,-,-,92,-,-,-,-,-,-,-,-,-,-,-
20,37,3925,2294,57,5/32,8/130,3.51,40.25,68.86,2,0,107,104,5541,4297,173,7/45,7/45,4.65,24.84,32.03,3,0,38,38,845,948,63,5/23,5/23,6.73,15.05,13.41,2,0,59,59,1316,1703,82,4/12,4/12,7.76,20.77,16.05,0,0
55,100,10352,5772,257,7/112,13/144,3.35,22.46,40.28,12,4,87,85,4471,3750,135,6/16,6/16,5.03,27.78,33.12,2,0,54,54,1159,1644,56,3/20,3/20,8.51,29.36,20.7,0,0,63,63,1428,1966,99,4/21,4/21,8.26,19.86,14.42,0,0
15,28,2128,1059,49,6/39,8/102,2.99,21.61,43.43,3,0,40,39,1872,1755,66,6/58,6/58,5.62,26.59,28.36,1,0,36,36,714,1062,58,5/39,5/39,8.92,18.31,12.31,1,0,14,14,324,448,25,4/10,4/10,8.3,17.92,12.96,0,0
2,4,483,278,6,3/91,4/128,3.45,46.33,80.5,0,0,39,36,1909,1719,50,5/49,5/49,5.4,34.38,38.18,1,0,59,59,1288,1533,73,5/24,5/24,7.14,21.0,17.64,1,0,5,5,120,181,3,1/21,1/21,9.05,60.33,40.0,0,0
1,2,231,175,6,5/64,6/175,4.55,29.17,38.5,1,0,8,6,276,249,5,3/59,3/59,5.41,49.8,55.2,0,0,19,19,409,627,25,4/14,4/14,9.2,25.08,16.36,0,0,7,7,150,235,9,3/36,3/36,9.4,26.11,16.67,0,0
47,18,428,298,8,3/11,3/11,4.18,37.25,53.5,0,0,198,12,109,98,4,2/6,2/6,5.39,24.5,27.25,0,0,122,1,6,11,0,0/11,0/11,11.0,0.0,0.0,0,0,13,-,-,-,-,-,-,-,-,-,-,-
112,8,99,48,3,2/4,2/4,2.91,16.0,33.0,0,0,236,6,42,35,0,0/0,0/0,5.0,0.0,0.0,0,0,102,-,-,-,-,-,-,-,-,-,-,-,55,2,12,24,0,0/11,0/11,12.0,0.0,0.0,0,0
88,67,2151,1207,30,4/44,4/44,3.37,40.23,71.7,0,0,158,65,1467,1310,37,4/22,4/22,5.36,35.41,39.65,0,0,87,12,118,164,6,2/16,2/16,8.34,27.33,19.67,0,0,76,2,18,31,0,0/7,0/7,10.33,0.0,0.0,0,0
48,-,-,-,-,-,-,-,-,-,-,-,58,-,-,-,-,-,-,-,-,-,-,-,10,-,-,-,-,-,-,-,-,-,-,-,-,-,-,-,-,-,-,-,-,-,-,-
12,21,1076,675,14,3/42,3/42,3.76,48.21,76.86,0,0,71,67,2295,2320,69,5/27,5/27,6.07,33.62,33.26,2,0,60,40,495,753,25,3/16,3/16,9.13,30.12,19.8,0,0,14,13,216,334,8,3/12,3/12,9.28,41.75,27.0,0,0
29,53,4054,1615,49,6/41,7/64,2.39,32.96,82.73,1,0,45,45,1548,1230,30,3/26,3/26,4.77,41.0,51.6,0,0,41,21,321,461,12,2/22,2/22,8.62,38.42,26.75,0,0,25,19,216,319,6,3/4,3/4,8.86,53.17,36.0,0,0
1,1,108,40,2,2/40,2/40,2.22,20.0,54.0,0,0,57,25,552,481,7,2/10,2/10,5.23,68.71,78.86,0,0,65,12,118,186,4,1/12,1/12,9.46,46.5,29.5,0,0,13,2,12,15,0,0/7,0/7,7.5,0.0,0.0,0,0
24,40,4037,1871,41,3/53,5/173,2.78,45.63,98.46,0,0,87,82,3952,3190,87,5/50,5/50,4.84,36.67,45.43,1,0,80,79,1646,1953,89,4/11,4/11,7.12,21.94,18.49,0,0,12,12,240,277,10,2/13,2/13,6.92,27.7,24.0,0,0
68,-,-,-,-,-,-,-,-,-,-,-,117,-,-,-,-,-,-,-,-,-,-,-,18,-,-,-,-,-,-,-,-,-,-,-,-,-,-,-,-,-,-,-,-,-,-,-
20,1,18,13,0,0/13,0/13,4.33,0.0,0.0,0,0,2,-,-,-,-,-,-,-,-,-,-,-,7,-,-,-,-,-,-,-,-,-,-,-,-,-,-,-,-,-,-,-,-,-,-,-
78,149,17417,8717,317,6/30,10/80,3.0,27.5,54.94,10,1,99,99,5453,4484,187,7/34,7/34,4.93,23.98,29.16,5,0,55,55,1257,1647,74,4/13,4/13,7.86,22.26,16.99,0,0,78,78,1789,2475,92,4/18,4/18,8.3,26.9,19.45,0,0
17,33,3943,2133,53,7/23,9/55,3.25,40.25,74.4,1,0,65,63,3408,2955,116,5/30,5/30,5.2,25.47,29.38,2,0,6,6,132,191,7,3/44,3/44,8.68,27.29,18.86,0,0,2,2,30,71,1,1/31,1/31,14.2,71.0,30.0,0,0
88,166,20089,10061,347,7/64,10/108,3.0,28.99,57.89,14,1,151,149,7606,6882,204,7/33,7/33,5.43,33.74,37.28,3,0,106,104,2311,3144,134,5/18,5/18,8.16,23.46,17.25,1,0,52,52,1170,1663,45,3/20,3/20,8.53,36.96,26.0,0,0
17,31,3186,1992,41,4/60,7/79,3.75,48.59,77.71,0,0,37,36,1831,1666,48,4/58,4/58,5.46,34.71,38.15,0,0,88,86,1843,2467,111,4/28,4/28,8.03,22.23,16.6,0,0,8,8,181,202,9,3/26,3/26,6.7,22.44,20.11,0,0
1,1,66,47,0,0/47,0/47,4.27,0.0,0.0,0,0,47,47,2495,2343,81,5/45,5/45,5.63,28.93,30.8,1,0,28,28,596,732,41,5/21,5/21,7.37,17.85,14.54,1,0,35,35,765,1075,36,4/28,4/28,8.43,29.86,21.25,0,0
-,-,-,-,-,-,-,-,-,-,-,-,-,-,-,-,-,-,-,-,-,-,-,-,4,-,-,-,-,-,-,-,-,-,-,-,-,-,-,-,-,-,-,-,-,-,-,-
-,-,-,-,-,-,-,-,-,-,-,-,-,-,-,-,-,-,-,-,-,-,-,-,6,-,-,-,-,-,-,-,-,-,-,-,-,-,-,-,-,-,-,-,-,-,-,-
-,-,-,-,-,-,-,-,-,-,-,-,26,2,18,18,1,1/6,1/6,6.0,18.0,18.0,0,0,37,-,-,-,-,-,-,-,-,-,-,-,-,-,-,-,-,-,-,-,-,-,-,-
-,-,-,-,-,-,-,-,-,-,-,-,-,-,-,-,-,-,-,-,-,-,-,-,2,-,-,-,-,-,-,-,-,-,-,-,-,-,-,-,-,-,-,-,-,-,-,-
-,-,-,-,-,-,-,-,-,-,-,-,4,1,36,21,2,2/21,2/21,3.5,10.5,18.0,0,0,17,1,12,16,0,0/16,0/16,8.0,0.0,0.0,0,0,-,-,-,-,-,-,-,-,-,-,-,-
-,-,-,-,-,-,-,-,-,-,-,-,10,9,372,243,9,4/26,4/26,3.92,27.0,41.33,0,0,27,23,294,329,5,1/3,1/3,6.71,65.8,58.8,0,0,-,-,-,-,-,-,-,-,-,-,-,-
-,-,-,-,-,-,-,-,-,-,-,-,-,-,-,-,-,-,-,-,-,-,-,-,1,1,18,12,1,1/12,1/12,4.0,12.0,18.0,0,0,-,-,-,-,-,-,-,-,-,-,-,-
-,-,-,-,-,-,-,-,-,-,-,-,1,1,24,15,0,0/15,0/15,3.75,0.0,0.0,0,0,9,8,180,169,8,3/9,3/9,5.63,21.12,22.5,0,0,-,-,-,-,-,-,-,-,-,-,-,-
-,-,-,-,-,-,-,-,-,-,-,-,-,-,-,-,-,-,-,-,-,-,-,-,2,2,48,49,1,1/31,1/31,6.12,49.0,48.0,0,0,-,-,-,-,-,-,-,-,-,-,-,-
-,-,-,-,-,-,-,-,-,-,-,-,4,4,174,117,4,2/49,2/49,4.03,29.25,43.5,0,0,14,14,295,308,20,4/16,4/16,6.26,15.4,14.75,0,0,-,-,-,-,-,-,-,-,-,-,-,-
-,-,-,-,-,-,-,-,-,-,-,-,1,-,-,-,-,-,-,-,-,-,-,-,9,8,141,131,6,3/26,3/26,5.57,21.83,23.5,0,0,-,-,-,-,-,-,-,-,-,-,-,-
-,-,-,-,-,-,-,-,-,-,-,-,-,-,-,-,-,-,-,-,-,-,-,-,11,-,-,-,-,-,-,-,-,-,-,-,-,-,-,-,-,-,-,-,-,-,-,-
-,-,-,-,-,-,-,-,-,-,-,-,17,-,-,-,-,-,-,-,-,-,-,-,28,-,-,-,-,-,-,-,-,-,-,-,-,-,-,-,-,-,-,-,-,-,-,-
-,-,-,-,-,-,-,-,-,-,-,-,6,-,-,-,-,-,-,-,-,-,-,-,8,-,-,-,-,-,-,-,-,-,-,-,-,-,-,-,-,-,-,-,-,-,-,-
-,-,-,-,-,-,-,-,-,-,-,-,28,28,1204,998,43,5/33,5/33,4.97,23.21,28.0,2,0,36,36,718,917,53,5/21,5/21,7.66,17.3,13.55,1,0,-,-,-,-,-,-,-,-,-,-,-,-
-,-,-,-,-,-,-,-,-,-,-,-,-,-,-,-,-,-,-,-,-,-,-,-,10,10,156,168,10,3/18,3/18,6.46,16.8,15.6,0,0,-,-,-,-,-,-,-,-,-,-,-,-
-,-,-,-,-,-,-,-,-,-,-,-,32,32,1470,1228,50,5/33,5/33,5.01,24.56,29.4,1,0,38,38,763,874,35,3/20,3/20,6.87,24.97,21.8,0,0,-,-,-,-,-,-,-,-,-,-,-,-
-,-,-,-,-,-,-,-,-,-,-,-,2,-,-,-,-,-,-,-,-,-,-,-,-,-,-,-,-,-,-,-,-,-,-,-,-,-,-,-,-,-,-,-,-,-,-,-
-,-,-,-,-,-,-,-,-,-,-,-,2,2,66,67,0,0/32,0/32,6.09,0.0,0.0,0,0,-,-,-,-,-,-,-,-,-,-,-,-,-,-,-,-,-,-,-,-,-,-,-,-
-,-,-,-,-,-,-,-,-,-,-,-,5,5,288,281,6,3/69,3/69,5.85,46.83,48.0,0,0,-,-,-,-,-,-,-,-,-,-,-,-,-,-,-,-,-,-,-,-,-,-,-,-
-,-,-,-,-,-,-,-,-,-,-,-,5,-,-,-,-,-,-,-,-,-,-,-,-,-,-,-,-,-,-,-,-,-,-,-,-,-,-,-,-,-,-,-,-,-,-,-
-,-,-,-,-,-,-,-,-,-,-,-,6,5,96,104,3,1/18,1/18,6.5,34.67,32.0,0,0,-,-,-,-,-,-,-,-,-,-,-,-,-,-,-,-,-,-,-,-,-,-,-,-
-,-,-,-,-,-,-,-,-,-,-,-,3,3,120,119,1,1/24,1/24,5.95,119.0,120.0,0,0,-,-,-,-,-,-,-,-,-,-,-,-,-,-,-,-,-,-,-,-,-,-,-,-
-,-,-,-,-,-,-,-,-,-,-,-,6,6,330,297,6,3/39,3/39,5.4,49.5,55.0,0,0,-,-,-,-,-,-,-,-,-,-,-,-,-,-,-,-,-,-,-,-,-,-,-,-
-,-,-,-,-,-,-,-,-,-,-,-,3,-,-,-,-,-,-,-,-,-,-,-,-,-,-,-,-,-,-,-,-,-,-,-,-,-,-,-,-,-,-,-,-,-,-,-
-,-,-,-,-,-,-,-,-,-,-,-,6,-,-,-,-,-,-,-,-,-,-,-,-,-,-,-,-,-,-,-,-,-,-,-,-,-,-,-,-,-,-,-,-,-,-,-
-,-,-,-,-,-,-,-,-,-,-,-,5,5,258,276,3,2/51,2/51,6.42,92.0,86.0,0,0,-,-,-,-,-,-,-,-,-,-,-,-,-,-,-,-,-,-,-,-,-,-,-,-
-,-,-,-,-,-,-,-,-,-,-,-,6,6,282,256,2,1/32,1/32,5.45,128.0,141.0,0,0,-,-,-,-,-,-,-,-,-,-,-,-,-,-,-,-,-,-,-,-,-,-,-,-
-,-,-,-,-,-,-,-,-,-,-,-,1,1,60,60,1,1/60,1/60,6.0,60.0,60.0,0,0,-,-,-,-,-,-,-,-,-,-,-,-,-,-,-,-,-,-,-,-,-,-,-,-
-,-,-,-,-,-,-,-,-,-,-,-,5,-,-,-,-,-,-,-,-,-,-,-,-,-,-,-,-,-,-,-,-,-,-,-,-,-,-,-,-,-,-,-,-,-,-,-
-,-,-,-,-,-,-,-,-,-,-,-,5,5,300,298,8,5/43,5/43,5.96,37.25,37.5,1,0,-,-,-,-,-,-,-,-,-,-,-,-,-,-,-,-,-,-,-,-,-,-,-,-
-,-,-,-,-,-,-,-,-,-,-,-,6,-,-,-,-,-,-,-,-,-,-,-,16,-,-,-,-,-,-,-,-,-,-,-,-,-,-,-,-,-,-,-,-,-,-,-
-,-,-,-,-,-,-,-,-,-,-,-,41,7,117,134,4,3/61,3/61,6.87,33.5,29.25,0,0,31,-,-,-,-,-,-,-,-,-,-,-,-,-,-,-,-,-,-,-,-,-,-,-
-,-,-,-,-,-,-,-,-,-,-,-,32,5,58,50,1,1/19,1/19,5.17,50.0,58.0,0,0,15,-,-,-,-,-,-,-,-,-,-,-,-,-,-,-,-,-,-,-,-,-,-,-
-,-,-,-,-,-,-,-,-,-,-,-,35,-,-,-,-,-,-,-,-,-,-,-,31,-,-,-,-,-,-,-,-,-,-,-,-,-,-,-,-,-,-,-,-,-,-,-
-,-,-,-,-,-,-,-,-,-,-,-,16,7,223,185,4,2/55,2/55,4.98,46.25,55.75,0,0,12,2,36,34,2,1/14,1/14,5.67,17.0,18.0,0,0,-,-,-,-,-,-,-,-,-,-,-,-
-,-,-,-,-,-,-,-,-,-,-,-,9,1,12,10,0,0/10,0/10,5.0,0.0,0.0,0,0,19,1,6,13,1,1/13,1/13,13.0,13.0,6.0,0,0,-,-,-,-,-,-,-,-,-,-,-,-
-,-,-,-,-,-,-,-,-,-,-,-,3,3,162,121,0,0/16,0/16,4.48,0.0,0.0,0,0,1,1,18,29,1,1/29,1/29,9.67,29.0,18.0,0,0,-,-,-,-,-,-,-,-,-,-,-,-
-,-,-,-,-,-,-,-,-,-,-,-,58,57,2735,2064,61,5/25,5/25,4.53,33.84,44.84,1,0,54,52,1052,1207,60,4/18,4/18,6.88,20.12,17.53,0,0,-,-,-,-,-,-,-,-,-,-,-,-
-,-,-,-,-,-,-,-,-,-,-,-,54,54,2825,1949,65,5/26,5/26,4.14,29.98,43.46,1,0,54,53,1044,1153,36,5/19,5/19,6.63,32.03,29.0,1,0,-,-,-,-,-,-,-,-,-,-,-,-
-,-,-,-,-,-,-,-,-,-,-,-,40,40,1962,1775,56,5/28,5/28,5.43,31.7,35.04,1,0,30,30,664,711,34,3/14,3/14,6.42,20.91,19.53,0,0,-,-,-,-,-,-,-,-,-,-,-,-
-,-,-,-,-,-,-,-,-,-,-,-,24,-,-,-,-,-,-,-,-,-,-,-,16,-,-,-,-,-,-,-,-,-,-,-,-,-,-,-,-,-,-,-,-,-,-,-
-,-,-,-,-,-,-,-,-,-,-,-,21,21,967,863,33,4/25,4/25,5.35,26.15,29.3,0,0,10,10,162,228,6,1/16,1/16,8.44,38.0,27.0,0,0,-,-,-,-,-,-,-,-,-,-,-,-
-,-,-,-,-,-,-,-,-,-,-,-,11,11,516,467,8,2/38,2/38,5.43,58.38,64.5,0,0,10,10,192,253,9,2/18,2/18,7.91,28.11,21.33,0,0,-,-,-,-,-,-,-,-,-,-,-,-
-,-,-,-,-,-,-,-,-,-,-,-,3,3,84,84,0,0/26,0/26,6.0,0.0,0.0,0,0,22,22,441,401,18,4/9,4/9,5.46,22.28,24.5,0,0,-,-,-,-,-,-,-,-,-,-,-,-
-,-,-,-,-,-,-,-,-,-,-,-,9,9,449,382,11,3/19,3/19,5.1,34.73,40.82,0,0,4,4,84,103,6,2/16,2/16,7.36,17.17,14.0,0,0,-,-,-,-,-,-,-,-,-,-,-,-
-,-,-,-,-,-,-,-,-,-,-,-,37,37,1757,1483,60,6/34,6/34,5.06,24.72,29.28,1,0,37,37,793,884,46,4/29,4/29,6.69,19.22,17.24,0,0,-,-,-,-,-,-,-,-,-,-,-,-
-,-,-,-,-,-,-,-,-,-,-,-,49,-,-,-,-,-,-,-,-,-,-,-,36,-,-,-,-,-,-,-,-,-,-,-,-,-,-,-,-,-,-,-,-,-,-,-
-,-,-,-,-,-,-,-,-,-,-,-,5,4,112,80,2,1/22,1/22,4.29,40.0,56.0,0,0,10,7,56,82,4,2/8,2/8,8.79,20.5,14.0,0,0,-,-,-,-,-,-,-,-,-,-,-,-
-,-,-,-,-,-,-,-,-,-,-,-,104,49,1818,1637,35,5/24,5/24,5.4,46.77,51.94,1,0,49,23,368,424,24,4/27,4/27,6.91,17.67,15.33,0,0,-,-,-,-,-,-,-,-,-,-,-,-
-,-,-,-,-,-,-,-,-,-,-,-,20,1,18,14,0,0/14,0/14,4.67,0.0,0.0,0,0,-,-,-,-,-,-,-,-,-,-,-,-,-,-,-,-,-,-,-,-,-,-,-,-
-,-,-,-,-,-,-,-,-,-,-,-,12,11,408,330,8,2/17,2/17,4.85,41.25,51.0,0,0,20,19,288,306,15,3/24,3/24,6.38,20.4,19.2,0,0,-,-,-,-,-,-,-,-,-,-,-,-
-,-,-,-,-,-,-,-,-,-,-,-,10,9,438,360,13,3/48,3/48,4.93,27.69,33.69,0,0,26,16,240,337,9,2/33,2/33,8.43,37.44,26.67,0,0,-,-,-,-,-,-,-,-,-,-,-,-
-,-,-,-,-,-,-,-,-,-,-,-,67,65,2688,2483,66,4/61,4/61,5.54,37.62,40.73,0,0,37,33,529,750,26,5/20,5/20,8.51,28.85,20.35,1,0,-,-,-,-,-,-,-,-,-,-,-,-
-,-,-,-,-,-,-,-,-,-,-,-,-,-,-,-,-,-,-,-,-,-,-,-,12,10,185,194,14,4/16,4/16,6.29,13.86,13.21,0,0,-,-,-,-,-,-,-,-,-,-,-,-
-,-,-,-,-,-,-,-,-,-,-,-,9,-,-,-,-,-,-,-,-,-,-,-,34,-,-,-,-,-,-,-,-,-,-,-,-,-,-,-,-,-,-,-,-,-,-,-
-,-,-,-,-,-,-,-,-,-,-,-,81,-,-,-,-,-,-,-,-,-,-,-,22,-,-,-,-,-,-,-,-,-,-,-,-,-,-,-,-,-,-,-,-,-,-,-
-,-,-,-,-,-,-,-,-,-,-,-,39,7,168,137,2,1/14,1/14,4.89,68.5,84.0,0,0,49,17,245,244,15,3/19,3/19,5.98,16.27,16.33,0,0,-,-,-,-,-,-,-,-,-,-,-,-
-,-,-,-,-,-,-,-,-,-,-,-,10,10,330,316,9,4/32,4/32,5.75,35.11,36.67,0,0,-,-,-,-,-,-,-,-,-,-,-,-,-,-,-,-,-,-,-,-,-,-,-,-
-,-,-,-,-,-,-,-,-,-,-,-,18,17,872,556,19,3/18,3/18,3.83,29.26,45.89,0,0,7,7,144,140,4,2/31,2/31,5.83,35.0,36.0,0,0,-,-,-,-,-,-,-,-,-,-,-,-
-,-,-,-,-,-,-,-,-,-,-,-,11,11,455,366,10,2/28,2/28,4.83,36.6,45.5,0,0,45,44,876,972,50,4/14,4/14,6.66,19.44,17.52,0,0,-,-,-,-,-,-,-,-,-,-,-,-
-,-,-,-,-,-,-,-,-,-,-,-,2,2,96,79,5,3/41,3/41,4.94,15.8,19.2,0,0,22,20,360,371,24,4/30,4/30,6.18,15.46,15.0,0,0,-,-,-,-,-,-,-,-,-,-,-,-
-,-,-,-,-,-,-,-,-,-,-,-,26,25,954,927,22,4/33,4/33,5.83,42.14,43.36,0,0,26,26,440,538,18,3/16,3/16,7.34,29.89,24.44,0,0,-,-,-,-,-,-,-,-,-,-,-,-
-,-,-,-,-,-,-,-,-,-,-,-,63,60,2951,2047,68,4/25,4/25,4.16,30.1,43.4,0,0,25,24,464,460,18,2/9,2/9,5.95,25.56,25.78,0,0,-,-,-,-,-,-,-,-,-,-,-,-
-,-,-,-,-,-,-,-,-,-,-,-,4,1,42,28,2,2/28,2/28,4.0,14.0,21.0,0,0,-,-,-,-,-,-,-,-,-,-,-,-,-,-,-,-,-,-,-,-,-,-,-,-
-,-,-,-,-,-,-,-,-,-,-,-,85,10,270,252,2,1/17,1/17,5.6,126.0,135.0,0,0,69,5,66,71,5,3/25,3/25,6.45,14.2,13.2,0,0,-,-,-,-,-,-,-,-,-,-,-,-
-,-,-,-,-,-,-,-,-,-,-,-,17,8,150,111,1,1/21,1/21,4.44,111.0,150.0,0,0,8,1,6,18,1,1/18,1/18,18.0,18.0,6.0,0,0,-,-,-,-,-,-,-,-,-,-,-,-
-,-,-,-,-,-,-,-,-,-,-,-,12,-,-,-,-,-,-,-,-,-,-,-,4,-,-,-,-,-,-,-,-,-,-,-,-,-,-,-,-,-,-,-,-,-,-,-
-,-,-,-,-,-,-,-,-,-,-,-,47,-,-,-,-,-,-,-,-,-,-,-,55,-,-,-,-,-,-,-,-,-,-,-,-,-,-,-,-,-,-,-,-,-,-,-
-,-,-,-,-,-,-,-,-,-,-,-,100,61,1544,1336,34,4/40,4/40,5.19,39.29,45.41,0,0,78,41,518,660,28,3/17,3/17,7.64,23.57,18.5,0,0,-,-,-,-,-,-,-,-,-,-,-,-
-,-,-,-,-,-,-,-,-,-,-,-,87,41,968,836,11,2/26,2/26,5.18,76.0,88.0,0,0,64,15,180,220,5,2/17,2/17,7.33,44.0,36.0,0,0,-,-,-,-,-,-,-,-,-,-,-,-
-,-,-,-,-,-,-,-,-,-,-,-,58,52,1874,1581,43,4/37,4/37,5.06,36.77,43.58,0,0,47,36,579,767,30,3/20,3/20,7.95,25.57,19.3,0,0,-,-,-,-,-,-,-,-,-,-,-,-
-,-,-,-,-,-,-,-,-,-,-,-,40,39,1886,1644,57,5/43,5/43,5.23,28.84,33.09,1,0,35,34,726,959,41,5/24,5/24,7.93,23.39,17.71,1,0,-,-,-,-,-,-,-,-,-,-,-,-
-,-,-,-,-,-,-,-,-,-,-,-,10,10,504,387,10,4/15,4/15,4.61,38.7,50.4,0,0,9,6,126,137,6,2/15,2/15,6.52,22.83,21.0,0,0,-,-,-,-,-,-,-,-,-,-,-,-
-,-,-,-,-,-,-,-,-,-,-,-,78,-,-,-,-,-,-,-,-,-,-,-,60,-,-,-,-,-,-,-,-,-,-,-,-,-,-,-,-,-,-,-,-,-,-,-
-,-,-,-,-,-,-,-,-,-,-,-,32,-,-,-,-,-,-,-,-,-,-,-,20,-,-,-,-,-,-,-,-,-,-,-,-,-,-,-,-,-,-,-,-,-,-,-
-,-,-,-,-,-,-,-,-,-,-,-,50,49,2586,1752,66,5/33,5/33,4.06,26.55,39.18,1,0,51,50,1116,1303,62,5/27,5/27,7.01,21.02,18.0,1,0,-,-,-,-,-,-,-,-,-,-,-,-
-,-,-,-,-,-,-,-,-,-,-,-,68,67,3230,2694,90,5/33,5/33,5.0,29.93,35.89,2,0,57,56,1165,1596,63,4/24,4/24,8.22,25.33,18.49,0,0,-,-,-,-,-,-,-,-,-,-,-,-
-,-,-,-,-,-,-,-,-,-,-,-,22,22,1077,910,39,4/27,4/27,5.07,23.33,27.62,0,0,8,8,180,293,5,2/38,2/38,9.77,58.6,36.0,0,0,-,-,-,-,-,-,-,-,-,-,-,-
-,-,-,-,-,-,-,-,-,-,-,-,14,14,649,569,30,5/52,5/52,5.26,18.97,21.63,1,0,5,4,66,95,5,2/44,2/44,8.64,19.0,13.2,0,0,-,-,-,-,-,-,-,-,-,-,-,-
-,-,-,-,-,-,-,-,-,-,-,-,13,13,687,508,23,3/34,3/34,4.44,22.09,29.87,0,0,17,17,356,487,17,3/20,3/20,8.21,28.65,20.94,0,0,-,-,-,-,-,-,-,-,-,-,-,-
-,-,-,-,-,-,-,-,-,-,-,-,12,12,411,392,15,4/30,4/30,5.72,26.13,27.4,0,0,-,-,-,-,-,-,-,-,-,-,-,-,-,-,-,-,-,-,-,-,-,-,-,-
-,-,-,-,-,-,-,-,-,-,-,-,8,-,-,-,-,-,-,-,-,-,-,-,3,-,-,-,-,-,-,-,-,-,-,-,-,-,-,-,-,-,-,-,-,-,-,-
-,-,-,-,-,-,-,-,-,-,-,-,2,-,-,-,-,-,-,-,-,-,-,-,-,-,-,-,-,-,-,-,-,-,-,-,-,-,-,-,-,-,-,-,-,-,-,-
-,-,-,-,-,-,-,-,-,-,-,-,4,1,1,2,0,0/2,0/2,0.0,0.0,0.0,0,0,3,-,-,-,-,-,-,-,-,-,-,-,-,-,-,-,-,-,-,-,-,-,-,-
-,-,-,-,-,-,-,-,-,-,-,-,22,4,114,119,1,1/25,1/25,6.26,119.0,114.0,0,0,2,-,-,-,-,-,-,-,-,-,-,-,-,-,-,-,-,-,-,-,-,-,-,-
-,-,-,-,-,-,-,-,-,-,-,-,3,3,102,100,3,2/48,2/48,5.88,33.33,34.0,0,0,1,1,6,8,0,0/8,0/8,8.0,0.0,0.0,0,0,-,-,-,-,-,-,-,-,-,-,-,-
-,-,-,-,-,-,-,-,-,-,-,-,23,7,120,94,1,1/11,1/11,4.7,94.0,120.0,0,0,3,-,-,-,-,-,-,-,-,-,-,-,-,-,-,-,-,-,-,-,-,-,-,-
-,-,-,-,-,-,-,-,-,-,-,-,4,-,-,-,-,-,-,-,-,-,-,-,-,-,-,-,-,-,-,-,-,-,-,-,-,-,-,-,-,-,-,-,-,-,-,-
-,-,-,-,-,-,-,-,-,-,-,-,5,5,174,157,7,4/56,4/56,5.41,22.43,24.86,0,0,1,1,12,5,0,0/5,0/5,2.5,0.0,0.0,0,0,-,-,-,-,-,-,-,-,-,-,-,-
-,-,-,-,-,-,-,-,-,-,-,-,12,12,458,482,8,2/25,2/25,6.31,60.25,57.25,0,0,3,3,30,44,1,1/24,1/24,8.8,44.0,30.0,0,0,-,-,-,-,-,-,-,-,-,-,-,-
-,-,-,-,-,-,-,-,-,-,-,-,5,1,15,25,0,0/25,0/25,10.0,0.0,0.0,0,0,3,1,6,7,0,0/7,0/7,7.0,0.0,0.0,0,0,-,-,-,-,-,-,-,-,-,-,-,-
-,-,-,-,-,-,-,-,-,-,-,-,11,11,537,412,16,4/46,4/46,4.6,25.75,33.56,0,0,9,8,135,170,5,1/20,1/20,7.56,34.0,27.0,0,0,-,-,-,-,-,-,-,-,-,-,-,-
-,-,-,-,-,-,-,-,-,-,-,-,26,21,819,701,13,2/23,2/23,5.14,53.92,63.0,0,0,5,4,42,62,1,1/16,1/16,8.86,62.0,42.0,0,0,-,-,-,-,-,-,-,-,-,-,-,-
-,-,-,-,-,-,-,-,-,-,-,-,11,-,-,-,-,-,-,-,-,-,-,-,3,-,-,-,-,-,-,-,-,-,-,-,-,-,-,-,-,-,-,-,-,-,-,-
-,-,-,-,-,-,-,-,-,-,-,-,6,2,18,22,0,0/3,0/3,7.33,0.0,0.0,0,0,3,-,-,-,-,-,-,-,-,-,-,-,-,-,-,-,-,-,-,-,-,-,-,-
-,-,-,-,-,-,-,-,-,-,-,-,2,-,-,-,-,-,-,-,-,-,-,-,-,-,-,-,-,-,-,-,-,-,-,-,-,-,-,-,-,-,-,-,-,-,-,-
-,-,-,-,-,-,-,-,-,-,-,-,1,1,42,43,0,0/43,0/43,6.14,0.0,0.0,0,0,-,-,-,-,-,-,-,-,-,-,-,-,-,-,-,-,-,-,-,-,-,-,-,-
-,-,-,-,-,-,-,-,-,-,-,-,19,19,905,831,23,3/24,3/24,5.51,36.13,39.35,0,0,-,-,-,-,-,-,-,-,-,-,-,-,-,-,-,-,-,-,-,-,-,-,-,-
-,-,-,-,-,-,-,-,-,-,-,-,10,10,389,371,14,3/36,3/36,5.72,26.5,27.79,0,0,3,3,42,50,3,2/18,2/18,7.14,16.67,14.0,0,0,-,-,-,-,-,-,-,-,-,-,-,-
-,-,-,-,-,-,-,-,-,-,-,-,1,1,12,19,0,0/19,0/19,9.5,0.0,0.0,0,0,-,-,-,-,-,-,-,-,-,-,-,-,-,-,-,-,-,-,-,-,-,-,-,-
-,-,-,-,-,-,-,-,-,-,-,-,9,9,456,405,15,3/31,3/31,5.33,27.0,30.4,0,0,7,7,147,143,7,2/11,2/11,5.84,20.43,21.0,0,0,-,-,-,-,-,-,-,-,-,-,-,-
-,-,-,-,-,-,-,-,-,-,-,-,3,3,138,170,1,1/57,1/57,7.39,170.0,138.0,0,0,-,-,-,-,-,-,-,-,-,-,-,-,-,-,-,-,-,-,-,-,-,-,-,-
-,-,-,-,-,-,-,-,-,-,-,-,1,1,12,14,0,0/14,0/14,7.0,0.0,0.0,0,0,-,-,-,-,-,-,-,-,-,-,-,-,-,-,-,-,-,-,-,-,-,-,-,-
-,-,-,-,-,-,-,-,-,-,-,-,8,8,312,257,5,1/21,1/21,4.94,51.4,62.4,0,0,-,-,-,-,-,-,-,-,-,-,-,-,-,-,-,-,-,-,-,-,-,-,-,-
-,-,-,-,-,-,-,-,-,-,-,-,2,-,-,-,-,-,-,-,-,-,-,-,-,-,-,-,-,-,-,-,-,-,-,-,-,-,-,-,-,-,-,-,-,-,-,-
-,-,-,-,-,-,-,-,-,-,-,-,35,13,326,355,10,2/22,2/22,6.53,35.5,32.6,0,0,2,2,22,21,2,2/2,2/2,5.73,10.5,11.0,0,0,-,-,-,-,-,-,-,-,-,-,-,-
